{
  "basis": {
    "alphabet": [
      "I",
      "X",
      "Y",
      "Z"
    ],
    "max_order": 8,
    "ordering": "lexicographic product over I, X, Y, Z",
    "size": 65536
  },
  "coefficient_convention": {
    "coefficient_formula": "Qiskit SparsePauliOp coefficients, with labels in matrix tensor-product order",
    "operator_expansion": "H = sum_P C_P P",
    "pauli_alphabet": [
      "I",
      "X",
      "Y",
      "Z"
    ],
    "pauli_basis": "{I, X, Y, Z}^{tensor n_qubits}",
    "stored_terms": "Only coefficients with abs(C_P) > drop_tol are stored."
  },
  "distance": "1_0",
  "drop_tol": 1e-10,
  "format": "pauli_hamiltonian_pair_v1",
  "hamiltonians": {
    "final": {
      "role": "H_problem",
      "source_key": "qiskit_sparse_pauli_op",
      "tau": 1.0,
      "term_count": 185,
      "terms": {
        "IIIIIIII": [
          2.061705722612455,
          0.0
        ],
        "IIIIIIIZ": [
          -0.2737346344572723,
          0.0
        ],
        "IIIIIIZI": [
          -0.3854172730224662,
          0.0
        ],
        "IIIIIIZZ": [
          0.08332427196237749,
          0.0
        ],
        "IIIIIXIX": [
          -0.014716487329834766,
          0.0
        ],
        "IIIIIXZX": [
          0.08170499422914956,
          0.0
        ],
        "IIIIIYIY": [
          -0.014716487329834766,
          0.0
        ],
        "IIIIIYZY": [
          0.08170499422914956,
          0.0
        ],
        "IIIIIZII": [
          -0.7558929203963406,
          0.0
        ],
        "IIIIIZIZ": [
          0.10247363696913134,
          0.0
        ],
        "IIIIIZZI": [
          0.09105305153426098,
          0.0
        ],
        "IIIIXIXI": [
          -0.020461028346506552,
          0.0
        ],
        "IIIIXXXX": [
          0.017618061390570084,
          0.0
        ],
        "IIIIXXYY": [
          0.009394904059612266,
          0.0
        ],
        "IIIIXYYX": [
          0.008223157330957825,
          0.0
        ],
        "IIIIXZXI": [
          0.059933827134148784,
          0.0
        ],
        "IIIIXZXZ": [
          -0.014159119104909926,
          0.0
        ],
        "IIIIYIYI": [
          -0.020461028346506552,
          0.0
        ],
        "IIIIYXXY": [
          0.008223157330957825,
          0.0
        ],
        "IIIIYYXX": [
          0.009394904059612266,
          0.0
        ],
        "IIIIYYYY": [
          0.017618061390570084,
          0.0
        ],
        "IIIIYZYI": [
          0.059933827134148784,
          0.0
        ],
        "IIIIYZYZ": [
          -0.014159119104909926,
          0.0
        ],
        "IIIIZIII": [
          -0.9080397517631491,
          0.0
        ],
        "IIIIZIIZ": [
          0.11502684351391568,
          0.0
        ],
        "IIIIZIZI": [
          0.09152871459590665,
          0.0
        ],
        "IIIIZXZX": [
          -0.011481999590156139,
          0.0
        ],
        "IIIIZYZY": [
          -0.011481999590156139,
          0.0
        ],
        "IIIIZZII": [
          0.09010258047669678,
          0.0
        ],
        "IIIZIIII": [
          -0.2737346344572721,
          0.0
        ],
        "IIIZIIIZ": [
          0.14222429769041706,
          0.0
        ],
        "IIIZIIZI": [
          0.10998653309106837,
          0.0
        ],
        "IIIZIXZX": [
          -0.03375738069494375,
          0.0
        ],
        "IIIZIYZY": [
          -0.03375738069494375,
          0.0
        ],
        "IIIZIZII": [
          0.12611518520601953,
          0.0
        ],
        "IIIZXZXI": [
          -0.034312072592959736,
          0.0
        ],
        "IIIZYZYI": [
          -0.034312072592959736,
          0.0
        ],
        "IIIZZIII": [
          0.142804457159888,
          0.0
        ],
        "IIXXIIXX": [
          0.02666226112869088,
          0.0
        ],
        "IIXXIIYY": [
          0.02666226112869088,
          0.0
        ],
        "IIXXIXXI": [
          0.002152218738012411,
          0.0
        ],
        "IIXXIYYI": [
          0.002152218738012411,
          0.0
        ],
        "IIXXXXII": [
          0.029571508202679345,
          0.0
        ],
        "IIXXXZZX": [
          0.02015295348804981,
          0.0
        ],
        "IIXXYYII": [
          0.029571508202679345,
          0.0
        ],
        "IIXXYZZY": [
          0.02015295348804981,
          0.0
        ],
        "IIYYIIXX": [
          0.02666226112869088,
          0.0
        ],
        "IIYYIIYY": [
          0.02666226112869088,
          0.0
        ],
        "IIYYIXXI": [
          0.002152218738012411,
          0.0
        ],
        "IIYYIYYI": [
          0.002152218738012411,
          0.0
        ],
        "IIYYXXII": [
          0.029571508202679345,
          0.0
        ],
        "IIYYXZZX": [
          0.02015295348804981,
          0.0
        ],
        "IIYYYYII": [
          0.029571508202679345,
          0.0
        ],
        "IIYYYZZY": [
          0.02015295348804981,
          0.0
        ],
        "IIZIIIII": [
          -0.38541727302246653,
          0.0
        ],
        "IIZIIIIZ": [
          0.10998653309106837,
          0.0
        ],
        "IIZIIIZI": [
          0.10006440222083837,
          0.0
        ],
        "IIZIIXZX": [
          -0.016868706067847176,
          0.0
        ],
        "IIZIIYZY": [
          -0.016868706067847176,
          0.0
        ],
        "IIZIIZII": [
          0.10028459497701339,
          0.0
        ],
        "IIZIXZXI": [
          -0.017889174292078328,
          0.0
        ],
        "IIZIYZYI": [
          -0.017889174292078328,
          0.0
        ],
        "IIZIZIII": [
          0.11194375210562928,
          0.0
        ],
        "IIZZIIII": [
          0.08332427196237749,
          0.0
        ],
        "IXIXIIII": [
          -0.014716487329834766,
          0.0
        ],
        "IXXIIIXX": [
          0.002152218738012411,
          0.0
        ],
        "IXXIIIYY": [
          0.002152218738012411,
          0.0
        ],
        "IXXIIXXI": [
          0.009231543442752418,
          0.0
        ],
        "IXXIIYYI": [
          0.009231543442752418,
          0.0
        ],
        "IXXIXXII": [
          0.008932359340262023,
          0.0
        ],
        "IXXIXZZX": [
          0.01195344681210926,
          0.0
        ],
        "IXXIYYII": [
          0.008932359340262023,
          0.0
        ],
        "IXXIYZZY": [
          0.01195344681210926,
          0.0
        ],
        "IXZXIIII": [
          0.08170499422914956,
          0.0
        ],
        "IXZXIIIZ": [
          -0.03375738069494375,
          0.0
        ],
        "IXZXIIZI": [
          -0.016868706067847176,
          0.0
        ],
        "IXZXIXZX": [
          0.023641548236888184,
          0.0
        ],
        "IXZXIYZY": [
          0.023641548236888184,
          0.0
        ],
        "IXZXIZII": [
          -0.02961655512054202,
          0.0
        ],
        "IXZXXZXI": [
          0.020176604143067083,
          0.0
        ],
        "IXZXYZYI": [
          0.020176604143067083,
          0.0
        ],
        "IXZXZIII": [
          -0.042778637901362146,
          0.0
        ],
        "IYIYIIII": [
          -0.014716487329834766,
          0.0
        ],
        "IYYIIIXX": [
          0.002152218738012411,
          0.0
        ],
        "IYYIIIYY": [
          0.002152218738012411,
          0.0
        ],
        "IYYIIXXI": [
          0.009231543442752418,
          0.0
        ],
        "IYYIIYYI": [
          0.009231543442752418,
          0.0
        ],
        "IYYIXXII": [
          0.008932359340262023,
          0.0
        ],
        "IYYIXZZX": [
          0.01195344681210926,
          0.0
        ],
        "IYYIYYII": [
          0.008932359340262023,
          0.0
        ],
        "IYYIYZZY": [
          0.01195344681210926,
          0.0
        ],