{
  "basis": {
    "alphabet": [
      "I",
      "X",
      "Y",
      "Z"
    ],
    "max_order": 6,
    "ordering": "lexicographic product over I, X, Y, Z",
    "size": 4096
  },
  "coefficient_convention": {
    "coefficient_formula": "C_P = Tr(P H) / 2**n_qubits",
    "operator_expansion": "H = sum_P C_P P",
    "pauli_alphabet": [
      "I",
      "X",
      "Y",
      "Z"
    ],
    "pauli_basis": "{I, X, Y, Z}^{tensor n_qubits}",
    "stored_terms": "Only coefficients with abs(C_P) > drop_tol are stored."
  },
  "distance": "2_0",
  "drop_tol": 1e-08,
  "format": "pauli_hamiltonian_pair_v1",
  "hamiltonians": {
    "final": {
      "role": "H_prob",
      "source_key": "Hidrogen_6_qubits_H_prob_2_0",
      "tau": 1.0,
      "term_count": 169,
      "terms": {
        "IIIIII": [
          1.9366398160345852,
          0.0
        ],
        "IIIIIZ": [
          -0.26066970033571124,
          0.0
        ],
        "IIIIXX": [
          -0.002256982992397072,
          0.0
        ],
        "IIIIYY": [
          -0.06211913583335149,
          0.0
        ],
        "IIIIZI": [
          0.0019481228664517403,
          0.0
        ],
        "IIIIZZ": [
          -0.3107275916263461,
          0.0
        ],
        "IIIXXI": [
          -0.009537187390378676,
          0.0
        ],
        "IIIXXZ": [
          0.06001873734930996,
          0.0
        ],
        "IIIYYI": [
          -0.06001873734930996,
          0.0
        ],
        "IIIYYZ": [
          0.009537187390378676,
          0.0
        ],
        "IIIZII": [
          0.806168626062572,
          0.0
        ],
        "IIIZIZ": [
          0.00011923816055059433,
          0.0
        ],
        "IIIZXX": [
          -0.06211913583335149,
          0.0
        ],
        "IIIZYY": [
          -0.002256982992397072,
          0.0
        ],
        "IIIZZI": [
          -0.8018400310538709,
          0.0
        ],
        "IIIZZZ": [
          0.0070557319559156895,
          0.0
        ],
        "IIXIIX": [
          0.04094066470861435,
          0.0
        ],
        "IIXIXI": [
          0.02142251469194889,
          0.0
        ],
        "IIXIZX": [
          -0.04094066470861435,
          0.0
        ],
        "IIXXII": [
          0.04507880285382271,
          0.0
        ],
        "IIXXXX": [
          0.016509344801306725,
          0.0
        ],
        "IIXXZI": [
          0.04507880285382271,
          0.0
        ],
        "IIXYXY": [
          -0.016509344801306725,
          0.0
        ],
        "IIXZXZ": [
          -0.02142251469194889,
          0.0
        ],
        "IIZIII": [
          0.26066970033571124,
          0.0
        ],
        "IIZIIZ": [
          -0.10570154758170247,
          0.0
        ],
        "IIZIYY": [
          -0.018597842685418753,
          0.0
        ],
        "IIZIZZ": [
          -0.10263367835432291,
          0.0
        ],
        "IIZXXZ": [
          0.023283311384147964,
          0.0
        ],
        "IIZYYI": [
          -0.023283311384147964,
          0.0
        ],
        "IIZZII": [
          0.10380373895168304,
          0.0
        ],
        "IIZZXX": [
          -0.018597842685418753,
          0.0
        ],
        "IIZZZI": [
          -0.10933979181572795,
          0.0
        ],
        "IIZZZZ": [
          -1.0710209608078003e-08,
          0.0
        ],
        "IXIIIX": [
          0.02142251469194889,
          0.0
        ],
        "IXIIXI": [
          0.02087380923330784,
          0.0
        ],
        "IXIIZX": [
          -0.02142251469194889,
          0.0
        ],
        "IXIXII": [
          0.03098049946129322,
          0.0
        ],
        "IXIXXX": [
          0.018241215497255325,
          0.0
        ],
        "IXIXZI": [
          0.03098049946129322,
          0.0
        ],
        "IXIYXY": [
          -0.018241215497255325,
          0.0
        ],
        "IXIZXZ": [
          -0.02087380923330784,
          0.0
        ],
        "IXXIII": [
          -0.002256982992397072,
          0.0
        ],
        "IYYIII": [
          -0.06211913583335149,
          0.0
        ],
        "IYYIIZ": [
          0.018597842685418753,
          0.0
        ],
        "IYYIYY": [
          0.018123779445886612,
          0.0
        ],
        "IYYIZZ": [
          0.020855737358791204,
          0.0
        ],
        "IYYXXZ": [
          -0.017915870994329453,
          0.0
        ],
        "IYYYYI": [
          0.017915870994329453,
          0.0
        ],
        "IYYZII": [
          -0.02824673432390523,
          0.0
        ],
        "IYYZXX": [
          0.018123779445886612,
          0.0
        ],
        "IYYZZI": [
          0.029357506460504057,
          0.0
        ],
        "IZIIII": [
          -0.0019481228664517403,
          0.0
        ],
        "IZIIZI": [
          -1.257285475730896e-08,
          0.0
        ],
        "IZIZIZ": [
          -1.0710209608078003e-08,
          0.0
        ],
        "IZIZZI": [
          -1.3969838619232178e-08,
          0.0
        ],
        "IZXIIX": [
          0.04094066470861435,
          0.0
        ],
        "IZXIXI": [
          0.02142251469194889,
          0.0
        ],
        "IZXIZX": [
          -0.04094066470861435,
          0.0
        ],
        "IZXXII": [
          0.04507880285382271,
          0.0
        ],
        "IZXXXX": [
          0.016509344801306725,
          0.0
        ],
        "IZXXZI": [
          0.04507880285382271,
          0.0
        ],
        "IZXYXY": [
          -0.016509344801306725,
          0.0
        ],
        "IZXZXZ": [
          -0.02142251469194889,
          0.0
        ],
        "IZZIII": [
          -0.3107275916263461,
          0.0
        ],
        "IZZIIZ": [
          0.10263367835432291,
          0.0
        ],
        "IZZIYY": [
          0.020855737358791204,
          0.0
        ],
        "IZZIZZ": [
          0.10282337060198188,
          0.0
        ],
        "IZZXXZ": [
          -0.022875243084854446,
          0.0
        ],
        "IZZYYI": [
          0.022875243084854446,
          0.0
        ],
        "IZZZII": [
          -0.10435049748048186,
          0.0
        ],
        "IZZZXX": [
          0.020855737358791204,
          0.0
        ],
        "IZZZZI": [
          0.1081914845854044,
          0.0
        ],
        "XIIIIX": [
          0.04507880285382271,
          0.0
        ],
        "XIIIXI": [
          0.03098049946129322,
          0.0
        ],
        "XIIIZX": [
          -0.04507880285382271,
          0.0
        ],
        "XIIXII": [
          0.059475939720869064,
          0.0
        ],
        "XIIXXX": [
          0.025422975420951843,
          0.0
        ],
        "XIIXZI": [
          0.059475939720869064,
          0.0
        ],
        "XIIYXY": [
          -0.025422975420951843,
          0.0
        ],
        "XIIZXZ": [
          -0.03098049946129322,
          0.0
        ],
        "XXIIII": [
          -0.009537187390378676,
          0.0
        ],
        "XXXIIX": [
          0.016509344801306725,
          0.0
        ],
        "XXXIXI": [
          0.018241215497255325,
          0.0
        ],
        "XXXIZX": [
          -0.016509344801306725,
          0.0
        ],
        "XXXXII": [
          0.025422975420951843,
          0.0
        ],
        "XXXXXX": [
          0.016605298966169357,
          0.0
        ],
        "XXXXZI": [
          0.025422975420951843,
          0.0
        ],
        "XXXYXY": [
          -0.016605298966169357,
          0.0
        ],
        "XXXZXZ": [
          -0.018241215497255325,
          0.0
        ],
        "XXZIII": [
          -0.06001873734930996,
          0.0
        ],
        "XXZIIZ": [
          0.023283311384147964,
          0.0
        ],
        "XXZIYY": [
          0.017915870994329453,
          0.0
        ],