{
  "basis": {
    "alphabet": [
      "I",
      "X",
      "Y",
      "Z"
    ],
    "max_order": 6,
    "ordering": "lexicographic product over I, X, Y, Z",
    "size": 4096
  },
  "coefficient_convention": {
    "coefficient_formula": "C_P = Tr(P H) / 2**n_qubits",
    "operator_expansion": "H = sum_P C_P P",
    "pauli_alphabet": [
      "I",
      "X",
      "Y",
      "Z"
    ],
    "pauli_basis": "{I, X, Y, Z}^{tensor n_qubits}",
    "stored_terms": "Only coefficients with abs(C_P) > drop_tol are stored."
  },
  "distance": "3_0",
  "drop_tol": 1e-08,
  "format": "pauli_hamiltonian_pair_v1",
  "hamiltonians": {
    "final": {
      "role": "H_prob",
      "source_key": "Hidrogen_6_qubits_H_prob_3_0",
      "tau": 1.0,
      "term_count": 166,
      "terms": {
        "IIIIII": [
          1.8177399078849703,
          0.0
        ],
        "IIIIIZ": [
          -0.23973258072510362,
          0.0
        ],
        "IIIIXX": [
          -0.00034648819668936515,
          0.0
        ],
        "IIIIYY": [
          -0.0600545177502253,
          0.0
        ],
        "IIIIZI": [
          0.0002817269414663315,
          0.0
        ],
        "IIIIZZ": [
          -0.259253739612177,
          0.0
        ],
        "IIIXXI": [
          -0.0006696018622278643,
          0.0
        ],
        "IIIXXZ": [
          0.05785583411625339,
          0.0
        ],
        "IIIYYI": [
          -0.05785583411625339,
          0.0
        ],
        "IIIYYZ": [
          0.0006696018622278643,
          0.0
        ],
        "IIIZII": [
          0.7865764622110873,
          0.0
        ],
        "IIIZIZ": [
          1.0421499609947205e-05,
          0.0
        ],
        "IIIZXX": [
          -0.0600545177502253,
          0.0
        ],
        "IIIZYY": [
          -0.00034648819668936515,
          0.0
        ],
        "IIIZZI": [
          -0.7377126929350197,
          0.0
        ],
        "IIIZZZ": [
          0.00030193733982741833,
          0.0
        ],
        "IIXIIX": [
          0.049364760518074036,
          0.0
        ],
        "IIXIXI": [
          0.022408442571759224,
          0.0
        ],
        "IIXIZX": [
          -0.049364760518074036,
          0.0
        ],
        "IIXXII": [
          0.053406357765197754,
          0.0
        ],
        "IIXXXX": [
          0.01738561876118183,
          0.0
        ],
        "IIXXZI": [
          0.053406357765197754,
          0.0
        ],
        "IIXYXY": [
          -0.01738561876118183,
          0.0
        ],
        "IIXZXZ": [
          -0.022408442571759224,
          0.0
        ],
        "IIZIII": [
          0.23973258072510362,
          0.0
        ],
        "IIZIIZ": [
          -0.09213958191685379,
          0.0
        ],
        "IIZIYY": [
          -0.0188171018879556,
          0.0
        ],
        "IIZIZZ": [
          -0.09331555850803852,
          0.0
        ],
        "IIZXXZ": [
          0.0196030197462278,
          0.0
        ],
        "IIZYYI": [
          -0.0196030197462278,
          0.0
        ],
        "IIZZII": [
          0.09532853309065104,
          0.0
        ],
        "IIZZIZ": [
          -2.584420144557953e-08,
          0.0
        ],
        "IIZZXX": [
          -0.0188171018879556,
          0.0
        ],
        "IIZZZI": [
          -0.09735991177149117,
          0.0
        ],
        "IIZZZZ": [
          1.816079020500183e-08,
          0.0
        ],
        "IXIIIX": [
          0.022408442571759224,
          0.0
        ],
        "IXIIXI": [
          0.020530616864562035,
          0.0
        ],
        "IXIIZX": [
          -0.022408442571759224,
          0.0
        ],
        "IXIXII": [
          0.03207043930888176,
          0.0
        ],
        "IXIXXX": [
          0.01832123100757599,
          0.0
        ],
        "IXIXZI": [
          0.03207043930888176,
          0.0
        ],
        "IXIYXY": [
          -0.01832123100757599,
          0.0
        ],
        "IXIZXZ": [
          -0.020530616864562035,
          0.0
        ],
        "IXXIII": [
          -0.00034648819668936526,
          0.0
        ],
        "IYYIII": [
          -0.0600545177502253,
          0.0
        ],
        "IYYIIZ": [
          0.0188171018879556,
          0.0
        ],
        "IYYIYY": [
          0.018278449773788452,
          0.0
        ],
        "IYYIZZ": [
          0.020640139650956457,
          0.0
        ],
        "IYYXXZ": [
          -0.018293991684913635,
          0.0
        ],
        "IYYYYI": [
          0.018293991684913635,
          0.0
        ],
        "IYYZII": [
          -0.02872896876319564,
          0.0
        ],
        "IYYZXX": [
          0.018278449773788452,
          0.0
        ],
        "IYYZZI": [
          0.029156000652753478,
          0.0
        ],
        "IZIIII": [
          -0.0002817269414663315,
          0.0
        ],
        "IZXIIX": [
          0.049364760518074036,
          0.0
        ],
        "IZXIXI": [
          0.022408442571759224,
          0.0
        ],
        "IZXIZX": [
          -0.049364760518074036,
          0.0
        ],
        "IZXXII": [
          0.053406357765197754,
          0.0
        ],
        "IZXXXX": [
          0.01738561876118183,
          0.0
        ],
        "IZXXZI": [
          0.053406357765197754,
          0.0
        ],
        "IZXYXY": [
          -0.01738561876118183,
          0.0
        ],
        "IZXZXZ": [
          -0.022408442571759224,
          0.0
        ],
        "IZZIII": [
          -0.259253739612177,
          0.0
        ],
        "IZZIIZ": [
          0.09331555850803852,
          0.0
        ],
        "IZZIYY": [
          0.020640139650956457,
          0.0
        ],
        "IZZIZZ": [
          0.09492236492224038,
          0.0
        ],
        "IZZXXZ": [
          -0.021098775623158872,
          0.0
        ],
        "IZZYYI": [
          0.021098775623158872,
          0.0
        ],
        "IZZZII": [
          -0.09753092867322266,
          0.0
        ],
        "IZZZXX": [
          0.020640139650956457,
          0.0
        ],
        "IZZZZI": [
          0.09923339355736971,
          0.0
        ],
        "XIIIIX": [
          0.053406357765197754,
          0.0
        ],
        "XIIIXI": [
          0.03207043930888176,
          0.0
        ],
        "XIIIZX": [
          -0.053406357765197754,
          0.0
        ],
        "XIIXII": [
          0.06788523495197296,
          0.0
        ],
        "XIIXXX": [
          0.026614179834723473,
          0.0
        ],
        "XIIXZI": [
          0.06788523495197296,
          0.0
        ],
        "XIIYXY": [
          -0.026614179834723473,
          0.0
        ],
        "XIIZXZ": [
          -0.03207043930888176,
          0.0
        ],
        "XXIIII": [
          -0.0006696018622278643,
          0.0
        ],
        "XXXIIX": [
          0.01738561876118183,
          0.0
        ],
        "XXXIXI": [
          0.01832123100757599,
          0.0
        ],
        "XXXIZX": [
          -0.01738561876118183,
          0.0
        ],
        "XXXXII": [
          0.026614179834723473,
          0.0
        ],
        "XXXXXX": [
          0.016636181622743607,
          0.0
        ],
        "XXXXZI": [
          0.026614179834723473,
          0.0
        ],
        "XXXYXY": [
          -0.016636181622743607,
          0.0
        ],
        "XXXZXZ": [
          -0.01832123100757599,
          0.0
        ],
        "XXZIII": [
          -0.057855834116253384,
          0.0
        ],
        "XXZIIZ": [
          0.0196030197462278,
          0.0
        ],
        "XXZIYY": [
          0.018293991684913635,
          0.0
        ],
        "XXZIZZ": [
          0.02109877562315888,
          0.0
        ],
        "XXZXXZ": [
          -0.018751395866274834,
          0.0
        ],