{
  "basis": {
    "alphabet": [
      "I",
      "X",
      "Y",
      "Z"
    ],
    "max_order": 6,
    "ordering": "lexicographic product over I, X, Y, Z",
    "size": 4096
  },
  "coefficient_convention": {
    "coefficient_formula": "C_P = Tr(P H) / 2**n_qubits",
    "operator_expansion": "H = sum_P C_P P",
    "pauli_alphabet": [
      "I",
      "X",
      "Y",
      "Z"
    ],
    "pauli_basis": "{I, X, Y, Z}^{tensor n_qubits}",
    "stored_terms": "Only coefficients with abs(C_P) > drop_tol are stored."
  },
  "distance": "1_0",
  "drop_tol": 1e-08,
  "format": "pauli_hamiltonian_pair_v1",
  "hamiltonians": {
    "final": {
      "role": "H_prob",
      "source_key": "Hidrogen_6_qubits_H_prob_1_0",
      "tau": 1.0,
      "term_count": 164,
      "terms": {
        "IIIIII": [
          2.0617057345807552,
          0.0
        ],
        "IIIIIZ": [
          -0.27373463474214077,
          0.0
        ],
        "IIIIXX": [
          -0.026198487199326326,
          0.0
        ],
        "IIIIYY": [
          -0.08170499496027334,
          0.0
        ],
        "IIIIZI": [
          -0.006778312847018242,
          0.0
        ],
        "IIIIZZ": [
          -0.385417265817523,
          0.0
        ],
        "IIIXXI": [
          -0.03462014568503946,
          0.0
        ],
        "IIIXXZ": [
          0.059933826327323914,
          0.0
        ],
        "IIIYYI": [
          -0.059933826327323914,
          0.0
        ],
        "IIIYYZ": [
          0.03462014568503946,
          0.0
        ],
        "IIIZII": [
          0.9080397649668157,
          0.0
        ],
        "IIIZIZ": [
          -0.02397380815818906,
          0.0
        ],
        "IIIZXX": [
          -0.08170499496027334,
          0.0
        ],
        "IIIZYY": [
          -0.026198487199326326,
          0.0
        ],
        "IIIZZI": [
          -0.7558929217047989,
          0.0
        ],
        "IIIZZZ": [
          0.010944924782961607,
          0.0
        ],
        "IIXIIX": [
          0.02666226029396057,
          0.0
        ],
        "IIXIXI": [
          0.0021522187162190676,
          0.0
        ],
        "IIXIZX": [
          -0.02666226029396057,
          0.0
        ],
        "IIXXII": [
          0.02957150898873806,
          0.0
        ],
        "IIXXXX": [
          0.020152954384684563,
          0.0
        ],
        "IIXXZI": [
          0.02957150898873806,
          0.0
        ],
        "IIXYXY": [
          -0.020152954384684563,
          0.0
        ],
        "IIXZXZ": [
          -0.0021522187162190676,
          0.0
        ],
        "IIZIII": [
          0.27373463474214077,
          0.0
        ],
        "IIZIIZ": [
          -0.14222430810332298,
          0.0
        ],
        "IIZIYY": [
          -0.03375738178710891,
          0.0
        ],
        "IIZIZZ": [
          -0.10998653434216976,
          0.0
        ],
        "IIZXXZ": [
          0.034312072210013866,
          0.0
        ],
        "IIZYYI": [
          -0.034312072210013866,
          0.0
        ],
        "IIZZII": [
          0.14280445454642177,
          0.0
        ],
        "IIZZXX": [
          -0.03375738178710891,
          0.0
        ],
        "IIZZZI": [
          -0.12611518846824765,
          0.0
        ],
        "IXIIIX": [
          0.0021522187162190676,
          0.0
        ],
        "IXIIXI": [
          0.00923154316842556,
          0.0
        ],
        "IXIIZX": [
          -0.0021522187162190676,
          0.0
        ],
        "IXIXII": [
          0.008932359516620636,
          0.0
        ],
        "IXIXXX": [
          0.011953447014093399,
          0.0
        ],
        "IXIXZI": [
          0.008932359516620636,
          0.0
        ],
        "IXIYXY": [
          -0.011953447014093399,
          0.0
        ],
        "IXIZXZ": [
          -0.00923154316842556,
          0.0
        ],
        "IXXIII": [
          -0.026198487199326326,
          0.0
        ],
        "IYYIII": [
          -0.08170499496027334,
          0.0
        ],
        "IYYIIZ": [
          0.03375738178710891,
          0.0
        ],
        "IYYIYY": [
          0.023641549050807953,
          0.0
        ],
        "IYYIZZ": [
          0.0168687053317626,
          0.0
        ],
        "IYYXXZ": [
          -0.020176604390144348,
          0.0
        ],
        "IYYYYI": [
          0.020176604390144348,
          0.0
        ],
        "IYYZII": [
          -0.04277863766201334,
          0.0
        ],
        "IYYZXX": [
          0.023641549050807953,
          0.0
        ],
        "IYYZZI": [
          0.0296165550187652,
          0.0
        ],
        "IZIIII": [
          0.006778312847018242,
          0.0
        ],
        "IZXIIX": [
          0.02666226029396057,
          0.0
        ],
        "IZXIXI": [
          0.0021522187162190676,
          0.0
        ],
        "IZXIZX": [
          -0.02666226029396057,
          0.0
        ],
        "IZXXII": [
          0.02957150898873806,
          0.0
        ],
        "IZXXXX": [
          0.020152954384684563,
          0.0
        ],
        "IZXXZI": [
          0.02957150898873806,
          0.0
        ],
        "IZXYXY": [
          -0.020152954384684563,
          0.0
        ],
        "IZXZXZ": [
          -0.0021522187162190676,
          0.0
        ],
        "IZZIII": [
          -0.385417265817523,
          0.0
        ],
        "IZZIIZ": [
          0.10998653434216976,
          0.0
        ],
        "IZZIYY": [
          0.0168687053317626,
          0.0
        ],
        "IZZIZZ": [
          0.10006438568234444,
          0.0
        ],
        "IZZXXZ": [
          -0.017889174516312778,
          0.0
        ],
        "IZZYYI": [
          0.017889174516312778,
          0.0
        ],
        "IZZZII": [
          -0.1119437594898045,
          0.0
        ],
        "IZZZIZ": [
          1.4435499906539917e-08,
          0.0
        ],
        "IZZZXX": [
          0.0168687053317626,
          0.0
        ],
        "IZZZZI": [
          0.10028458340093493,
          0.0
        ],
        "XIIIIX": [
          0.02957150898873806,
          0.0
        ],
        "XIIIXI": [
          0.008932359516620636,
          0.0
        ],
        "XIIIZX": [
          -0.02957150898873806,
          0.0
        ],
        "XIIXII": [
          0.04279552027583122,
          0.0
        ],
        "XIIXXX": [
          0.031296636909246445,
          0.0
        ],
        "XIIXZI": [
          0.04279552027583122,
          0.0
        ],
        "XIIYXY": [
          -0.031296636909246445,
          0.0
        ],
        "XIIZXZ": [
          -0.008932359516620636,
          0.0
        ],
        "XXIIII": [
          -0.03462014568503946,
          0.0
        ],
        "XXXIIX": [
          0.020152954384684563,
          0.0
        ],
        "XXXIXI": [
          0.011953447014093399,
          0.0
        ],
        "XXXIZX": [
          -0.020152954384684563,
          0.0
        ],
        "XXXXII": [
          0.031296636909246445,
          0.0
        ],
        "XXXXXX": [
          0.027777614071965218,
          0.0
        ],
        "XXXXZI": [
          0.031296636909246445,
          0.0
        ],
        "XXXYXY": [
          -0.027777614071965218,
          0.0
        ],
        "XXXZXZ": [
          -0.011953447014093399,
          0.0
        ],
        "XXZIII": [
          -0.059933826327323914,
          0.0
        ],
        "XXZIIZ": [
          0.034312072210013866,
          0.0
        ],
        "XXZIYY": [
          0.020176604390144348,
          0.0
        ],
        "XXZIZZ": [
          0.017889174516312778,
          0.0
        ],
        "XXZXXZ": [
          -0.020415037870407104,
          0.0
        ],
        "XXZYYI": [
          0.020415037870407104,
          0.0
        ],