{
  "basis": {
    "alphabet": [
      "I",
      "X",
      "Y",
      "Z"
    ],
    "max_order": 6,
    "ordering": "lexicographic product over I, X, Y, Z",
    "size": 4096
  },
  "coefficient_convention": {
    "coefficient_formula": "C_P = Tr(P H) / 2**n_qubits",
    "operator_expansion": "H = sum_P C_P P",
    "pauli_alphabet": [
      "I",
      "X",
      "Y",
      "Z"
    ],
    "pauli_basis": "{I, X, Y, Z}^{tensor n_qubits}",
    "stored_terms": "Only coefficients with abs(C_P) > drop_tol are stored."
  },
  "distance": "1_5",
  "drop_tol": 1e-08,
  "format": "pauli_hamiltonian_pair_v1",
  "hamiltonians": {
    "final": {
      "role": "H_prob",
      "source_key": "Hidrogen_6_qubits_H_prob_1_5",
      "tau": 1.0,
      "term_count": 165,
      "terms": {
        "IIIIII": [
          1.998888129601255,
          0.0
        ],
        "IIIIIZ": [
          -0.2697367575019598,
          0.0
        ],
        "IIIIXI": [
          0.06139456309028901,
          0.0
        ],
        "IIIIXZ": [
          -0.019846356502966955,
          0.0
        ],
        "IIIIZI": [
          0.0019365418702363968,
          0.0
        ],
        "IIIIZZ": [
          -0.34594069025479257,
          0.0
        ],
        "IIIXXX": [
          0.06847731365564154,
          0.0
        ],
        "IIIXYY": [
          0.009351711215238406,
          0.0
        ],
        "IIIYXY": [
          -0.06847731365564154,
          0.0
        ],
        "IIIYYX": [
          0.009351711215238406,
          0.0
        ],
        "IIIZII": [
          0.8302562194876373,
          0.0
        ],
        "IIIZIZ": [
          -0.010329958284273744,
          0.0
        ],
        "IIIZXI": [
          0.019846356502966955,
          0.0
        ],
        "IIIZXZ": [
          -0.06139456309028901,
          0.0
        ],
        "IIIZZI": [
          -0.8130965495947748,
          0.0
        ],
        "IIIZZZ": [
          0.005006962921470404,
          0.0
        ],
        "IIXIIX": [
          0.035307787358760834,
          0.0
        ],
        "IIXIYY": [
          -0.017911836504936218,
          0.0
        ],
        "IIXIZX": [
          -0.035307787358760834,
          0.0
        ],
        "IIXXII": [
          0.039700571447610855,
          0.0
        ],
        "IIXXXZ": [
          0.01542606484144926,
          0.0
        ],
        "IIXXZI": [
          0.039700571447610855,
          0.0
        ],
        "IIXYYI": [
          -0.01542606484144926,
          0.0
        ],
        "IIXZXX": [
          -0.017911836504936218,
          0.0
        ],
        "IIZIII": [
          0.2697367575019598,
          0.0
        ],
        "IIZIIZ": [
          -0.11900545447133482,
          0.0
        ],
        "IIZIXI": [
          0.028259077662369236,
          0.0
        ],
        "IIZIZI": [
          1.1408701539039612e-08,
          0.0
        ],
        "IIZIZZ": [
          -0.10782950185239315,
          0.0
        ],
        "IIZXXX": [
          0.022873219432987885,
          0.0
        ],
        "IIZYXY": [
          -0.022873219432987885,
          0.0
        ],
        "IIZZII": [
          0.11661888821981847,
          0.0
        ],
        "IIZZXZ": [
          -0.028259077662369236,
          0.0
        ],
        "IIZZZI": [
          -0.11613499047234654,
          0.0
        ],
        "IXIIII": [
          0.06139456309028901,
          0.0
        ],
        "IXIIIZ": [
          -0.028259077662369236,
          0.0
        ],
        "IXIIXI": [
          0.021583316847682,
          0.0
        ],
        "IXIIZZ": [
          -0.022370487014995888,
          0.0
        ],
        "IXIXXX": [
          0.018986674025654793,
          0.0
        ],
        "IXIYXY": [
          -0.018986674025654793,
          0.0
        ],
        "IXIZII": [
          0.03391952355741523,
          0.0
        ],
        "IXIZXZ": [
          -0.021583316847682,
          0.0
        ],
        "IXIZZI": [
          -0.03421175616676919,
          0.0
        ],
        "IXZIII": [
          0.019846356502966955,
          0.0
        ],
        "IYYIIX": [
          -0.017911836504936218,
          0.0
        ],
        "IYYIYY": [
          0.01961088366806507,
          0.0
        ],
        "IYYIZX": [
          0.017911836504936218,
          0.0
        ],
        "IYYXII": [
          -0.027580231428146362,
          0.0
        ],
        "IYYXXZ": [
          -0.017605027183890343,
          0.0
        ],
        "IYYXZI": [
          -0.027580231428146362,
          0.0
        ],
        "IYYYYI": [
          0.017605027183890343,
          0.0
        ],
        "IYYZXX": [
          0.01961088366806507,
          0.0
        ],
        "IZIIII": [
          -0.0019365418702363968,
          0.0
        ],
        "IZIIIZ": [
          1.1408701539039612e-08,
          0.0
        ],
        "IZXIIX": [
          0.035307787358760834,
          0.0
        ],
        "IZXIYY": [
          -0.017911836504936218,
          0.0
        ],
        "IZXIZX": [
          -0.035307787358760834,
          0.0
        ],
        "IZXXII": [
          0.039700571447610855,
          0.0
        ],
        "IZXXXZ": [
          0.01542606484144926,
          0.0
        ],
        "IZXXZI": [
          0.039700571447610855,
          0.0
        ],
        "IZXYYI": [
          -0.01542606484144926,
          0.0
        ],
        "IZXZXX": [
          -0.017911836504936218,
          0.0
        ],
        "IZZIII": [
          -0.34594069025479257,
          0.0
        ],
        "IZZIIZ": [
          0.10782950185239315,
          0.0
        ],
        "IZZIXI": [
          -0.022370487014995888,
          0.0
        ],
        "IZZIZZ": [
          0.10410921112634242,
          0.0
        ],
        "IZZXXX": [
          -0.020637883357956393,
          0.0
        ],
        "IZZYXY": [
          0.020637883357956393,
          0.0
        ],
        "IZZZII": [
          -0.10800043912604451,
          0.0
        ],
        "IZZZXZ": [
          0.022370487014995888,
          0.0
        ],
        "IZZZZI": [
          0.10893142386339605,
          0.0
        ],
        "IZZZZZ": [
          1.6298145055770874e-08,
          0.0
        ],
        "XIIIIX": [
          0.039700571447610855,
          0.0
        ],
        "XIIIYY": [
          -0.027580231428146362,
          0.0
        ],
        "XIIIZX": [
          -0.039700571447610855,
          0.0
        ],
        "XIIXII": [
          0.05424714833498001,
          0.0
        ],
        "XIIXXZ": [
          0.02442041039466858,
          0.0
        ],
        "XIIXZI": [
          0.05424714833498001,
          0.0
        ],
        "XIIYYI": [
          -0.02442041039466858,
          0.0
        ],
        "XIIZXX": [
          -0.027580231428146362,
          0.0
        ],
        "XXXIII": [
          0.06847731365564154,
          0.0
        ],
        "XXXIIZ": [
          -0.022873219432987885,
          0.0
        ],
        "XXXIXI": [
          0.018986674025654793,
          0.0
        ],
        "XXXIZZ": [
          -0.020637883357956393,
          0.0
        ],
        "XXXXXX": [
          0.01894083060324192,
          0.0
        ],
        "XXXYXY": [
          -0.01894083060324192,
          0.0
        ],
        "XXXZII": [
          0.029640812620307638,
          0.0
        ],
        "XXXZXZ": [
          -0.018986674025654793,
          0.0
        ],
        "XXXZZI": [
          -0.03172012379651083,
          0.0
        ],
        "XXZIIX": [
          -0.01542606484144926,
          0.0
        ],
        "XXZIYY": [
          0.017605027183890343,
          0.0
        ],
        "XXZIZX": [
          0.01542606484144926,
          0.0
        ],
        "XXZXII": [
          -0.02442041039466858,
          0.0
        ],