{
  "basis": {
    "alphabet": [
      "I",
      "X",
      "Y",
      "Z"
    ],
    "max_order": 6,
    "ordering": "lexicographic product over I, X, Y, Z",
    "size": 4096
  },
  "coefficient_convention": {
    "coefficient_formula": "C_P = Tr(P H) / 2**n_qubits",
    "operator_expansion": "H = sum_P C_P P",
    "pauli_alphabet": [
      "I",
      "X",
      "Y",
      "Z"
    ],
    "pauli_basis": "{I, X, Y, Z}^{tensor n_qubits}",
    "stored_terms": "Only coefficients with abs(C_P) > drop_tol are stored."
  },
  "distance": "2_5",
  "drop_tol": 1e-08,
  "format": "pauli_hamiltonian_pair_v1",
  "hamiltonians": {
    "final": {
      "role": "H_prob",
      "source_key": "Hidrogen_6_qubits_H_prob_2_5",
      "tau": 1.0,
      "term_count": 169,
      "terms": {
        "IIIIII": [
          1.8713839463889599,
          0.0
        ],
        "IIIIIZ": [
          -0.24959878623485565,
          0.0
        ],
        "IIIIXX": [
          -0.0005849553786256845,
          0.0
        ],
        "IIIIYY": [
          -0.06043067151719783,
          0.0
        ],
        "IIIIZI": [
          0.0009755371138453484,
          0.0
        ],
        "IIIIZZ": [
          -0.28193839732557535,
          0.0
        ],
        "IIIXXI": [
          -0.003392990634893067,
          0.0
        ],
        "IIIXXZ": [
          0.05862542959221173,
          0.0
        ],
        "IIIYYI": [
          -0.05862542959221173,
          0.0
        ],
        "IIIYYZ": [
          0.003392990634893067,
          0.0
        ],
        "IIIZII": [
          0.8053710367530584,
          0.0
        ],
        "IIIZIZ": [
          0.0004456527531147003,
          0.0
        ],
        "IIIZXX": [
          -0.06043067151719783,
          0.0
        ],
        "IIIZYY": [
          -0.0005849553786256845,
          0.0
        ],
        "IIIZZI": [
          -0.7585460254922509,
          0.0
        ],
        "IIIZZZ": [
          0.00276793260127306,
          0.0
        ],
        "IIXIIX": [
          0.04553531855344772,
          0.0
        ],
        "IIXIXI": [
          0.022865235805511475,
          0.0
        ],
        "IIXIZX": [
          -0.04553531855344772,
          0.0
        ],
        "IIXXII": [
          0.04959249123930931,
          0.0
        ],
        "IIXXXX": [
          0.01650005206465721,
          0.0
        ],
        "IIXXZI": [
          0.04959249123930931,
          0.0
        ],
        "IIXYXY": [
          -0.01650005206465721,
          0.0
        ],
        "IIXZXZ": [
          -0.022865235805511475,
          0.0
        ],
        "IIZIII": [
          0.24959878623485565,
          0.0
        ],
        "IIZIIZ": [
          -0.0971779078245163,
          0.0
        ],
        "IIZIYY": [
          -0.018130994888880148,
          0.0
        ],
        "IIZIZZ": [
          -0.09746295120567083,
          0.0
        ],
        "IIZXXZ": [
          0.020530175490421243,
          0.0
        ],
        "IIZYYI": [
          -0.020530175490421243,
          0.0
        ],
        "IIZZII": [
          0.09829061478376389,
          0.0
        ],
        "IIZZXX": [
          -0.018130994888880148,
          0.0
        ],
        "IIZZZI": [
          -0.10253378469496965,
          0.0
        ],
        "IXIIIX": [
          0.022865235805511475,
          0.0
        ],
        "IXIIXI": [
          0.021381238475441933,
          0.0
        ],
        "IXIIZX": [
          -0.022865235805511475,
          0.0
        ],
        "IXIXII": [
          0.03255750983953476,
          0.0
        ],
        "IXIXXX": [
          0.01824308931827545,
          0.0
        ],
        "IXIXZI": [
          0.03255750983953476,
          0.0
        ],
        "IXIYXY": [
          -0.01824308931827545,
          0.0
        ],
        "IXIZXZ": [
          -0.021381238475441933,
          0.0
        ],
        "IXXIII": [
          -0.0005849553786256845,
          0.0
        ],
        "IYYIII": [
          -0.06043067151719783,
          0.0
        ],
        "IYYIIZ": [
          0.018130994888880148,
          0.0
        ],
        "IYYIYY": [
          0.018203824758529663,
          0.0
        ],
        "IYYIZZ": [
          0.020761163418254958,
          0.0
        ],
        "IYYXXZ": [
          -0.01804124005138874,
          0.0
        ],
        "IYYYYI": [
          0.01804124005138874,
          0.0
        ],
        "IYYZII": [
          -0.02823925091845836,
          0.0
        ],
        "IYYZXX": [
          0.018203824758529663,
          0.0
        ],
        "IYYZZI": [
          0.028976270267347948,
          0.0
        ],
        "IZIIII": [
          -0.0009755371138453484,
          0.0
        ],
        "IZIZZZ": [
          -1.30385160446167e-08,
          0.0
        ],
        "IZXIIX": [
          0.04553531855344772,
          0.0
        ],
        "IZXIXI": [
          0.022865235805511475,
          0.0
        ],
        "IZXIZX": [
          -0.04553531855344772,
          0.0
        ],
        "IZXXII": [
          0.04959249123930931,
          0.0
        ],
        "IZXXXX": [
          0.01650005206465721,
          0.0
        ],
        "IZXXZI": [
          0.04959249123930931,
          0.0
        ],
        "IZXYXY": [
          -0.01650005206465721,
          0.0
        ],
        "IZXZXZ": [
          -0.022865235805511475,
          0.0
        ],
        "IZZIII": [
          -0.28193839732557535,
          0.0
        ],
        "IZZIIZ": [
          0.09746295120567083,
          0.0
        ],
        "IZZIYY": [
          0.020761163418254958,
          0.0
        ],
        "IZZIZZ": [
          0.099088529124856,
          0.0
        ],
        "IZZXXZ": [
          -0.02202741503424477,
          0.0
        ],
        "IZZYYI": [
          0.02202741503424477,
          0.0
        ],
        "IZZZII": [
          -0.10075808223336935,
          0.0
        ],
        "IZZZIZ": [
          -1.210719347000122e-08,
          0.0
        ],
        "IZZZXX": [
          0.020761163418254958,
          0.0
        ],
        "IZZZZI": [
          0.10402240790426731,
          0.0
        ],
        "XIIIIX": [
          0.04959249123930931,
          0.0
        ],
        "XIIIXI": [
          0.03255750983953476,
          0.0
        ],
        "XIIIZX": [
          -0.04959249123930931,
          0.0
        ],
        "XIIXII": [
          0.0640614852309227,
          0.0
        ],
        "XIIXXX": [
          0.025550223886966705,
          0.0
        ],
        "XIIXZI": [
          0.0640614852309227,
          0.0
        ],
        "XIIYXY": [
          -0.025550223886966705,
          0.0
        ],
        "XIIZXZ": [
          -0.03255750983953476,
          0.0
        ],
        "XXIIII": [
          -0.003392990634893067,
          0.0
        ],
        "XXXIIX": [
          0.01650005206465721,
          0.0
        ],
        "XXXIXI": [
          0.01824308931827545,
          0.0
        ],
        "XXXIZX": [
          -0.01650005206465721,
          0.0
        ],
        "XXXXII": [
          0.025550223886966705,
          0.0
        ],
        "XXXXXX": [
          0.016095122322440147,
          0.0
        ],
        "XXXXZI": [
          0.025550223886966705,
          0.0
        ],
        "XXXYXY": [
          -0.016095122322440147,
          0.0
        ],
        "XXXZXZ": [
          -0.01824308931827545,
          0.0
        ],
        "XXZIII": [
          -0.05862542959221173,
          0.0
        ],
        "XXZIIZ": [
          0.020530175490421243,
          0.0
        ],
        "XXZIYY": [
          0.01804124005138874,
          0.0
        ],
        "XXZIZZ": [
          0.02202741503424477,
          0.0
        ],
        "XXZXXZ": [
          -0.01919606700539589,
          0.0
        ],
        "XXZYYI": [
          0.01919606700539589,
          0.0
        ],