{
  "basis": {
    "alphabet": [
      "I",
      "X",
      "Y",
      "Z"
    ],
    "max_order": 6,
    "ordering": "lexicographic product over I, X, Y, Z",
    "size": 4096
  },
  "coefficient_convention": {
    "coefficient_formula": "C_P = Tr(P H) / 2**n_qubits",
    "operator_expansion": "H = sum_P C_P P",
    "pauli_alphabet": [
      "I",
      "X",
      "Y",
      "Z"
    ],
    "pauli_basis": "{I, X, Y, Z}^{tensor n_qubits}",
    "stored_terms": "Only coefficients with abs(C_P) > drop_tol are stored."
  },
  "distance": "0_5",
  "drop_tol": 1e-08,
  "format": "pauli_hamiltonian_pair_v1",
  "hamiltonians": {
    "final": {
      "role": "H_prob",
      "source_key": "Hidrogen_6_qubits_H_prob_0_5",
      "tau": 1.0,
      "term_count": 175,
      "terms": {
        "IIIIII": [
          2.7431588587351143,
          0.0
        ],
        "IIIIIZ": [
          -0.26216837437823415,
          0.0
        ],
        "IIIIXX": [
          0.04551157405515305,
          0.0
        ],
        "IIIIYY": [
          0.08874237987763145,
          0.0
        ],
        "IIIIZI": [
          -0.02715574810281396,
          0.0
        ],
        "IIIIZZ": [
          -0.4202329940162599,
          0.0
        ],
        "IIIXXI": [
          -0.04000535313389264,
          0.0
        ],
        "IIIXXZ": [
          0.0395232020819094,
          0.0
        ],
        "IIIYYI": [
          -0.0395232020819094,
          0.0
        ],
        "IIIYYZ": [
          0.04000535313389264,
          0.0
        ],
        "IIIZII": [
          1.2592009189538658,
          0.0
        ],
        "IIIZIZ": [
          -0.07175469724461436,
          0.0
        ],
        "IIIZXX": [
          0.08874237987763145,
          0.0
        ],
        "IIIZYY": [
          0.04551157405515305,
          0.0
        ],
        "IIIZZI": [
          -0.6334626614116132,
          0.0
        ],
        "IIIZZZ": [
          0.013562766369432211,
          0.0
        ],
        "IIXIIX": [
          0.01370038278400898,
          0.0
        ],
        "IIXIXI": [
          0.008268467150628567,
          0.0
        ],
        "IIXIZX": [
          -0.01370038278400898,
          0.0
        ],
        "IIXXII": [
          -0.012551682069897652,
          0.0
        ],
        "IIXXXX": [
          0.017666133120656013,
          0.0
        ],
        "IIXXZI": [
          -0.012551682069897652,
          0.0
        ],
        "IIXYXY": [
          -0.017666133120656013,
          0.0
        ],
        "IIXZXZ": [
          -0.008268467150628567,
          0.0
        ],
        "IIZIII": [
          0.26216837437823415,
          0.0
        ],
        "IIZIIZ": [
          -0.18866811180487275,
          0.0
        ],
        "IIZIYY": [
          0.049401322226886535,
          0.0
        ],
        "IIZIZZ": [
          -0.1062702345661819,
          0.0
        ],
        "IIZXXZ": [
          0.035035070177400485,
          0.0
        ],
        "IIZYYI": [
          -0.035035070177400485,
          0.0
        ],
        "IIZZII": [
          0.19253024039790034,
          0.0
        ],
        "IIZZXX": [
          0.049401322226886535,
          0.0
        ],
        "IIZZZI": [
          -0.13853585487231612,
          0.0
        ],
        "IIZZZZ": [
          -1.1641532182693481e-08,
          0.0
        ],
        "IXIIIX": [
          0.008268467150628567,
          0.0
        ],
        "IXIIXI": [
          0.011597555130720139,
          0.0
        ],
        "IXIIZX": [
          -0.008268467150628567,
          0.0
        ],
        "IXIXII": [
          -0.0033581112511456013,
          0.0
        ],
        "IXIXXX": [
          0.0009538859594613314,
          0.0
        ],
        "IXIXZI": [
          -0.0033581112511456013,
          0.0
        ],
        "IXIYXY": [
          -0.0009538859594613314,
          0.0
        ],
        "IXIZXZ": [
          -0.011597555130720139,
          0.0
        ],
        "IXXIII": [
          0.04551157405515305,
          0.0
        ],
        "IYYIII": [
          0.08874237987763145,
          0.0
        ],
        "IYYIIZ": [
          -0.049401322226886535,
          0.0
        ],
        "IYYIYY": [
          0.029392320662736893,
          0.0
        ],
        "IYYIZZ": [
          -0.008429154790091431,
          0.0
        ],
        "IYYXXZ": [
          0.014659176580607891,
          0.0
        ],
        "IYYYYI": [
          -0.014659176580607891,
          0.0
        ],
        "IYYZII": [
          0.05595597186041168,
          0.0
        ],
        "IYYZXX": [
          0.029392320662736893,
          0.0
        ],
        "IYYZZI": [
          -0.028247273679907536,
          0.0
        ],
        "IZIIII": [
          0.02715574810281396,
          0.0
        ],
        "IZIIZZ": [
          2.2817403078079224e-08,
          0.0
        ],
        "IZIZIZ": [
          -1.257285475730896e-08,
          0.0
        ],
        "IZIZZZ": [
          1.4435499906539917e-08,
          0.0
        ],
        "IZXIIX": [
          0.01370038278400898,
          0.0
        ],
        "IZXIXI": [
          0.008268467150628567,
          0.0
        ],
        "IZXIZX": [
          -0.01370038278400898,
          0.0
        ],
        "IZXXII": [
          -0.012551682069897652,
          0.0
        ],
        "IZXXXX": [
          0.017666133120656013,
          0.0
        ],
        "IZXXZI": [
          -0.012551682069897652,
          0.0
        ],
        "IZXYXY": [
          -0.017666133120656013,
          0.0
        ],
        "IZXZXZ": [
          -0.008268467150628567,
          0.0
        ],
        "IZZIII": [
          -0.4202329940162599,
          0.0
        ],
        "IZZIIZ": [
          0.1062702345661819,
          0.0
        ],
        "IZZIYY": [
          -0.008429154790091431,
          0.0
        ],
        "IZZIZI": [
          -2.2817403078079224e-08,
          0.0
        ],
        "IZZIZZ": [
          0.09396920958533883,
          0.0
        ],
        "IZZXXZ": [
          -0.010174965456826612,
          0.0
        ],
        "IZZYYI": [
          0.010174965456826612,
          0.0
        ],
        "IZZZII": [
          -0.10819001728668809,
          0.0
        ],
        "IZZZIZ": [
          -1.0710209608078003e-08,
          0.0
        ],
        "IZZZXX": [
          -0.008429154790091431,
          0.0
        ],
        "IZZZZI": [
          0.09205628233030438,
          0.0
        ],
        "XIIIIX": [
          -0.012551682069897652,
          0.0
        ],
        "XIIIXI": [
          -0.0033581112511456013,
          0.0
        ],
        "XIIIZX": [
          0.012551682069897652,
          0.0
        ],
        "XIIXII": [
          0.02121950313448906,
          0.0
        ],
        "XIIXXX": [
          -0.02714202180504799,
          0.0
        ],
        "XIIXZI": [
          0.02121950313448906,
          0.0
        ],
        "XIIYXY": [
          0.02714202180504799,
          0.0
        ],
        "XIIZXZ": [
          0.0033581112511456013,
          0.0
        ],
        "XXIIII": [
          -0.04000535313389264,
          0.0
        ],
        "XXXIIX": [
          0.017666133120656013,
          0.0
        ],
        "XXXIXI": [
          0.0009538859594613314,
          0.0
        ],
        "XXXIZX": [
          -0.017666133120656013,
          0.0
        ],
        "XXXXII": [
          -0.02714202180504799,
          0.0
        ],
        "XXXXXX": [
          0.04031682014465332,
          0.0
        ],
        "XXXXZI": [
          -0.02714202180504799,
          0.0
        ],
        "XXXYXY": [
          -0.04031682014465332,
          0.0
        ],
        "XXXZXZ": [
          -0.0009538859594613314,
          0.0
        ],
        "XXZIII": [
          -0.0395232020819094,
          0.0
        ],