{
  "basis": {
    "alphabet": [
      "I",
      "X",
      "Y",
      "Z"
    ],
    "max_order": 6,
    "ordering": "lexicographic product over I, X, Y, Z",
    "size": 4096
  },
  "coefficient_convention": {
    "coefficient_formula": "C_P = Tr(P H) / 2**n_qubits",
    "operator_expansion": "H = sum_P C_P P",
    "pauli_alphabet": [
      "I",
      "X",
      "Y",
      "Z"
    ],
    "pauli_basis": "{I, X, Y, Z}^{tensor n_qubits}",
    "stored_terms": "Only coefficients with abs(C_P) > drop_tol are stored."
  },
  "distance": "3_5",
  "drop_tol": 1e-08,
  "format": "pauli_hamiltonian_pair_v1",
  "hamiltonians": {
    "final": {
      "role": "H_prob",
      "source_key": "Hidrogen_6_qubits_H_prob_3_5",
      "tau": 1.0,
      "term_count": 169,
      "terms": {
        "IIIIII": [
          1.7825424745678902,
          0.0
        ],
        "IIIIIZ": [
          -0.23182985745370388,
          0.0
        ],
        "IIIIXX": [
          -0.00026543519697064255,
          0.0
        ],
        "IIIIYY": [
          -0.059714267571061797,
          0.0
        ],
        "IIIIZI": [
          4.641059786081314e-05,
          0.0
        ],
        "IIIIZZ": [
          -0.24220793787389994,
          0.0
        ],
        "IIIXXI": [
          7.80173886596458e-05,
          0.0
        ],
        "IIIXXZ": [
          0.05793514984725334,
          0.0
        ],
        "IIIYYI": [
          -0.05793514984725334,
          0.0
        ],
        "IIIYYZ": [
          -7.80173886596458e-05,
          0.0
        ],
        "IIIZII": [
          0.7628967962227762,
          0.0
        ],
        "IIIZIZ": [
          -0.00013815471902489662,
          0.0
        ],
        "IIIZXX": [
          -0.059714267571061797,
          0.0
        ],
        "IIIZYY": [
          -0.00026543519697064255,
          0.0
        ],
        "IIIZZI": [
          -0.7322527426294982,
          0.0
        ],
        "IIIZZZ": [
          -0.0003705057315528393,
          0.0
        ],
        "IIXIIX": [
          0.05242379009723663,
          0.0
        ],
        "IIXIXI": [
          0.021444784477353096,
          0.0
        ],
        "IIXIZX": [
          -0.05242379009723663,
          0.0
        ],
        "IIXXII": [
          0.05644935369491577,
          0.0
        ],
        "IIXXXX": [
          0.018477698788046837,
          0.0
        ],
        "IIXXZI": [
          0.05644935369491577,
          0.0
        ],
        "IIXYXY": [
          -0.018477698788046837,
          0.0
        ],
        "IIXZXZ": [
          -0.021444784477353096,
          0.0
        ],
        "IIZIII": [
          0.23182985745370388,
          0.0
        ],
        "IIZIIZ": [
          -0.08927816897630692,
          0.0
        ],
        "IIZIYY": [
          -0.01944376564871142,
          0.0
        ],
        "IIZIZI": [
          -1.0244548320770264e-08,
          0.0
        ],
        "IIZIZZ": [
          -0.09021239448338747,
          0.0
        ],
        "IIZXXZ": [
          0.01957536442023411,
          0.0
        ],
        "IIZYYI": [
          -0.01957536442023411,
          0.0
        ],
        "IIZZII": [
          0.09320673299953341,
          0.0
        ],
        "IIZZIZ": [
          -1.1641532182693481e-08,
          0.0
        ],
        "IIZZXX": [
          -0.01944376564871142,
          0.0
        ],
        "IIZZZI": [
          -0.09396314574405551,
          0.0
        ],
        "IXIIIX": [
          0.021444784477353096,
          0.0
        ],
        "IXIIXI": [
          0.019581126049160957,
          0.0
        ],
        "IXIIZX": [
          -0.021444784477353096,
          0.0
        ],
        "IXIXII": [
          0.03102385252714157,
          0.0
        ],
        "IXIXXX": [
          0.018398771062493324,
          0.0
        ],
        "IXIXZI": [
          0.03102385252714157,
          0.0
        ],
        "IXIYXY": [
          -0.018398771062493324,
          0.0
        ],
        "IXIZXZ": [
          -0.019581126049160957,
          0.0
        ],
        "IXXIII": [
          -0.00026543519697064255,
          0.0
        ],
        "IYYIII": [
          -0.059714267571061797,
          0.0
        ],
        "IYYIIZ": [
          0.01944376564871142,
          0.0
        ],
        "IYYIYY": [
          0.018333710730075836,
          0.0
        ],
        "IYYIZZ": [
          0.020423912077140116,
          0.0
        ],
        "IYYXXZ": [
          -0.018404847010970116,
          0.0
        ],
        "IYYYYI": [
          0.018404847010970116,
          0.0
        ],
        "IYYZII": [
          -0.029091087560564333,
          0.0
        ],
        "IYYZXX": [
          0.018333710730075836,
          0.0
        ],
        "IYYZZI": [
          0.02937758007964497,
          0.0
        ],
        "IZIIII": [
          -4.641059786081314e-05,
          0.0
        ],
        "IZIIIZ": [
          -1.0244548320770264e-08,
          0.0
        ],
        "IZIIZI": [
          1.6763806343078613e-08,
          0.0
        ],
        "IZIIZZ": [
          -1.1175870895385742e-08,
          0.0
        ],
        "IZIZII": [
          -1.6298145055770874e-08,
          0.0
        ],
        "IZXIIX": [
          0.05242379009723663,
          0.0
        ],
        "IZXIXI": [
          0.021444784477353096,
          0.0
        ],
        "IZXIZX": [
          -0.05242379009723663,
          0.0
        ],
        "IZXXII": [
          0.05644935369491577,
          0.0
        ],
        "IZXXXX": [
          0.018477698788046837,
          0.0
        ],
        "IZXXZI": [
          0.05644935369491577,
          0.0
        ],
        "IZXYXY": [
          -0.018477698788046837,
          0.0
        ],
        "IZXZXZ": [
          -0.021444784477353096,
          0.0
        ],
        "IZZIII": [
          -0.24220793787389994,
          0.0
        ],
        "IZZIIZ": [
          0.09021239448338747,
          0.0
        ],
        "IZZIYY": [
          0.020423912077140116,
          0.0
        ],
        "IZZIZI": [
          1.1175870895385742e-08,
          0.0
        ],
        "IZZIZZ": [
          0.09124802611768246,
          0.0
        ],
        "IZZXXZ": [
          -0.020490122495175456,
          0.0
        ],
        "IZZYYI": [
          0.020490122495175456,
          0.0
        ],
        "IZZZII": [
          -0.09457523515447974,
          0.0
        ],
        "IZZZXX": [
          0.020423912077140116,
          0.0
        ],
        "IZZZZI": [
          0.09526401897892356,
          0.0
        ],
        "XIIIIX": [
          0.05644935369491577,
          0.0
        ],
        "XIIIXI": [
          0.03102385252714157,
          0.0
        ],
        "XIIIZX": [
          -0.05644935369491577,
          0.0
        ],
        "XIIXII": [
          0.07089991867542267,
          0.0
        ],
        "XIIXXX": [
          0.02780478075146675,
          0.0
        ],
        "XIIXZI": [
          0.07089991867542267,
          0.0
        ],
        "XIIYXY": [
          -0.02780478075146675,
          0.0
        ],
        "XIIZXZ": [
          -0.03102385252714157,
          0.0
        ],
        "XXIIII": [
          7.80173886596458e-05,
          0.0
        ],
        "XXXIIX": [
          0.018477698788046837,
          0.0
        ],
        "XXXIXI": [
          0.018398771062493324,
          0.0
        ],
        "XXXIZX": [
          -0.018477698788046837,
          0.0
        ],
        "XXXXII": [
          0.02780478075146675,
          0.0
        ],
        "XXXXXX": [
          0.01738569885492325,
          0.0
        ],
        "XXXXZI": [
          0.02780478075146675,
          0.0
        ],
        "XXXYXY": [
          -0.01738569885492325,
          0.0
        ],
        "XXXZXZ": [
          -0.018398771062493324,
          0.0
        ],