{
  "basis": {
    "alphabet": [
      "I",
      "X",
      "Y",
      "Z"
    ],
    "max_order": 4,
    "ordering": "lexicographic product over I, X, Y, Z",
    "size": 256
  },
  "coefficient_convention": {
    "coefficient_formula": "C_P = Tr(P H) / 2**n_qubits",
    "operator_expansion": "H = sum_P C_P P",
    "pauli_alphabet": [
      "I",
      "X",
      "Y",
      "Z"
    ],
    "pauli_basis": "{I, X, Y, Z}^{tensor n_qubits}",
    "stored_terms": "Only coefficients with abs(C_P) > drop_tol are stored."
  },
  "distance": "3_0",
  "drop_tol": 1e-08,
  "format": "pauli_hamiltonian_pair_v1",
  "hamiltonians": {
    "final": {
      "role": "H_prob",
      "source_key": "Li_4_qubits_H_prob_3_0",
      "tau": 1.0,
      "term_count": 100,
      "terms": {
        "IIII": [
          -7.246342867612839,
          0.0
        ],
        "IIIX": [
          0.014298215792258092,
          0.0
        ],
        "IIIZ": [
          -0.10258939862251282,
          0.0
        ],
        "IIXI": [
          -0.021822401526151225,
          0.0
        ],
        "IIXX": [
          0.013038941469237286,
          0.0
        ],
        "IIXZ": [
          -0.021822401526151225,
          0.0
        ],
        "IIYY": [
          -0.013038941469237286,
          0.0
        ],
        "IIZI": [
          0.21098962426185608,
          0.0
        ],
        "IIZX": [
          -0.014298215792258099,
          0.0
        ],
        "IIZZ": [
          -0.17232444882392883,
          0.0
        ],
        "IXII": [
          0.014298215792258095,
          0.0
        ],
        "IXIX": [
          0.015257567167282104,
          0.0
        ],
        "IXIZ": [
          0.022383338487963367,
          0.0
        ],
        "IXXI": [
          -0.01249623391777277,
          0.0
        ],
        "IXXX": [
          0.01834987662732601,
          0.0
        ],
        "IXXZ": [
          -0.01249623391777277,
          0.0
        ],
        "IXYY": [
          -0.01834987662732601,
          0.0
        ],
        "IXZI": [
          -0.011748545155604195,
          0.0
        ],
        "IXZX": [
          -0.015257567167282104,
          0.0
        ],
        "IXZZ": [
          -0.003663428775291133,
          0.0
        ],
        "IZII": [
          0.10258939862251282,
          0.0
        ],
        "IZIX": [
          -0.022383338487963367,
          0.0
        ],
        "IZIZ": [
          -0.1002449095249176,
          0.0
        ],
        "IZXI": [
          0.02036323377978988,
          0.0
        ],
        "IZXX": [
          -0.022778485160127204,
          0.0
        ],
        "IZXZ": [
          0.02036323377978988,
          0.0
        ],
        "IZYY": [
          0.022778485160127204,
          0.0
        ],
        "IZZI": [
          0.08704224228858948,
          0.0
        ],
        "IZZX": [
          0.022383338487963367,
          0.0
        ],
        "IZZZ": [
          -0.05684247612953186,
          0.0
        ],
        "XIII": [
          -0.021822401526151225,
          0.0
        ],
        "XIIX": [
          -0.01249623391777277,
          0.0
        ],
        "XIIZ": [
          -0.02036323377978988,
          0.0
        ],
        "XIXI": [
          0.014562337659299374,
          0.0
        ],
        "XIXX": [
          -0.012963417917490005,
          0.0
        ],
        "XIXZ": [
          0.014562337659299374,
          0.0
        ],
        "XIYY": [
          0.012963417917490005,
          0.0
        ],
        "XIZI": [
          0.01037376027670689,
          0.0
        ],
        "XIZX": [
          0.01249623391777277,
          0.0
        ],
        "XIZZ": [
          0.007806214242009446,
          0.0
        ],
        "XXII": [
          0.013038941469237286,
          0.0
        ],
        "XXIX": [
          0.01834987662732601,
          0.0
        ],
        "XXIZ": [
          0.022778485160127204,
          0.0
        ],
        "XXXI": [
          -0.012963417917490005,
          0.0
        ],
        "XXXX": [
          0.030398420989513397,
          0.0
        ],
        "XXXZ": [
          -0.012963417917490005,
          0.0
        ],
        "XXYY": [
          -0.030398420989513397,
          0.0
        ],
        "XXZI": [
          -0.008889634903714139,
          0.0
        ],
        "XXZX": [
          -0.01834987662732601,
          0.0
        ],
        "XXZZ": [
          0.0008499117532820288,
          0.0
        ],
        "XZII": [
          0.021822401526151225,
          0.0
        ],
        "XZIX": [
          0.01249623391777277,
          0.0
        ],
        "XZIZ": [
          0.02036323377978988,
          0.0
        ],
        "XZXI": [
          -0.014562337659299374,
          0.0
        ],
        "XZXX": [
          0.012963417917490005,
          0.0
        ],
        "XZXZ": [
          -0.014562337659299374,
          0.0
        ],
        "XZYY": [
          -0.012963417917490005,
          0.0
        ],
        "XZZI": [
          -0.01037376027670689,
          0.0
        ],
        "XZZX": [
          -0.01249623391777277,
          0.0
        ],
        "XZZZ": [
          -0.007806214242009446,
          0.0
        ],
        "YYII": [
          -0.013038941469237286,
          0.0
        ],
        "YYIX": [
          -0.01834987662732601,
          0.0
        ],
        "YYIZ": [
          -0.022778485160127204,
          0.0
        ],
        "YYXI": [
          0.012963417917490005,
          0.0
        ],
        "YYXX": [
          -0.030398420989513397,
          0.0
        ],
        "YYXZ": [
          0.012963417917490005,
          0.0
        ],
        "YYYY": [
          0.030398420989513397,
          0.0
        ],
        "YYZI": [
          0.008889634903714139,
          0.0
        ],
        "YYZX": [
          0.01834987662732601,
          0.0
        ],
        "YYZZ": [
          -0.0008499117532820288,
          0.0
        ],
        "ZIII": [
          -0.21098962426185608,
          0.0
        ],
        "ZIIX": [
          0.011748545155604195,
          0.0
        ],
        "ZIIZ": [
          0.08704224228858948,
          0.0
        ],
        "ZIXI": [
          -0.01037376027670689,
          0.0
        ],
        "ZIXX": [
          0.008889634903714139,
          0.0
        ],
        "ZIXZ": [
          -0.01037376027670689,
          0.0
        ],
        "ZIYY": [
          -0.008889634903714139,
          0.0
        ],
        "ZIZI": [
          -0.08443132042884827,
          0.0
        ],
        "ZIZX": [
          -0.011748545155604195,
          0.0
        ],
        "ZIZZ": [
          0.06302645802497864,
          0.0
        ],
        "ZXII": [
          0.014298215792258095,
          0.0
        ],
        "ZXIX": [
          0.015257567167282104,
          0.0
        ],
        "ZXIZ": [
          0.022383338487963367,
          0.0
        ],
        "ZXXI": [
          -0.01249623391777277,
          0.0
        ],
        "ZXXX": [
          0.01834987662732601,
          0.0
        ],
        "ZXXZ": [
          -0.01249623391777277,
          0.0
        ],
        "ZXYY": [
          -0.01834987662732601,
          0.0
        ],
        "ZXZI": [
          -0.011748545155604195,
          0.0
        ],
        "ZXZX": [
          -0.015257567167282104,
          0.0
        ],
        "ZXZZ": [
          -0.003663428775291133,
          0.0
        ],
        "ZZII": [
          -0.17232444882392883,
          0.0
        ],
        "ZZIX": [
          -0.003663428775291133,
          0.0
        ],
        "ZZIZ": [
          0.05684247612953186,
          0.0
        ],
        "ZZXI": [
          0.007806214242009446,
          0.0
        ],
        "ZZXX": [
          0.0008499117532820288,
          0.0
        ],
        "ZZXZ": [
          0.007806214242009446,
          0.0
        ],