{
  "basis": {
    "alphabet": [
      "I",
      "X",
      "Y",
      "Z"
    ],
    "max_order": 4,
    "ordering": "lexicographic product over I, X, Y, Z",
    "size": 256
  },
  "coefficient_convention": {
    "coefficient_formula": "C_P = Tr(P H) / 2**n_qubits",
    "operator_expansion": "H = sum_P C_P P",
    "pauli_alphabet": [
      "I",
      "X",
      "Y",
      "Z"
    ],
    "pauli_basis": "{I, X, Y, Z}^{tensor n_qubits}",
    "stored_terms": "Only coefficients with abs(C_P) > drop_tol are stored."
  },
  "distance": "2_5",
  "drop_tol": 1e-08,
  "format": "pauli_hamiltonian_pair_v1",
  "hamiltonians": {
    "final": {
      "role": "H_prob",
      "source_key": "Li_4_qubits_H_prob_2_5",
      "tau": 1.0,
      "term_count": 100,
      "terms": {
        "IIII": [
          -7.203211814165115,
          0.0
        ],
        "IIIX": [
          0.0090435623235644,
          0.0
        ],
        "IIIZ": [
          -0.10158136487007141,
          0.0
        ],
        "IIXI": [
          -0.019768195736105554,
          0.0
        ],
        "IIXX": [
          0.010473924036587978,
          0.0
        ],
        "IIXZ": [
          -0.019768195736105554,
          0.0
        ],
        "IIYY": [
          -0.010473924036587978,
          0.0
        ],
        "IIZI": [
          0.24508801102638245,
          0.0
        ],
        "IIZX": [
          -0.009043562323564404,
          0.0
        ],
        "IIZZ": [
          -0.1900845468044281,
          0.0
        ],
        "IXII": [
          0.009043562323564402,
          0.0
        ],
        "IXIX": [
          0.008082590997219086,
          0.0
        ],
        "IXIZ": [
          0.017441518507188447,
          0.0
        ],
        "IXXI": [
          -0.006834883708506823,
          0.0
        ],
        "IXXX": [
          0.013812403194606304,
          0.0
        ],
        "IXXZ": [
          -0.006834883708506823,
          0.0
        ],
        "IXYY": [
          -0.013812403194606304,
          0.0
        ],
        "IXZI": [
          -0.012908867657894008,
          0.0
        ],
        "IXZX": [
          -0.008082590997219086,
          0.0
        ],
        "IXZZ": [
          -0.0045109073587118464,
          0.0
        ],
        "IZII": [
          0.10158136487007141,
          0.0
        ],
        "IZIX": [
          -0.017441518507188447,
          0.0
        ],
        "IZIZ": [
          -0.10721954703330994,
          0.0
        ],
        "IZXI": [
          0.016652048987452872,
          0.0
        ],
        "IZXX": [
          -0.025424889941249584,
          0.0
        ],
        "IZXZ": [
          0.016652048987452872,
          0.0
        ],
        "IZYY": [
          0.025424889941249584,
          0.0
        ],
        "IZZI": [
          0.09883281588554382,
          0.0
        ],
        "IZZX": [
          0.017441518507188447,
          0.0
        ],
        "IZZZ": [
          -0.05325332283973694,
          0.0
        ],
        "XIII": [
          -0.019768195736105554,
          0.0
        ],
        "XIIX": [
          -0.006834883708506823,
          0.0
        ],
        "XIIZ": [
          -0.016652048987452872,
          0.0
        ],
        "XIXI": [
          0.009880459867417812,
          0.0
        ],
        "XIXX": [
          -0.011521431617438793,
          0.0
        ],
        "XIXZ": [
          0.009880459867417812,
          0.0
        ],
        "XIYY": [
          0.011521431617438793,
          0.0
        ],
        "XIZI": [
          0.0118614614038961,
          0.0
        ],
        "XIZX": [
          0.006834883708506823,
          0.0
        ],
        "XIZZ": [
          0.009298321601818316,
          0.0
        ],
        "XXII": [
          0.010473924036587971,
          0.0
        ],
        "XXIX": [
          0.013812403194606304,
          0.0
        ],
        "XXIZ": [
          0.025424889941249584,
          0.0
        ],
        "XXXI": [
          -0.011521431617438793,
          0.0
        ],
        "XXXX": [
          0.03302838280797005,
          0.0
        ],
        "XXXZ": [
          -0.011521431617438793,
          0.0
        ],
        "XXYY": [
          -0.03302838280797005,
          0.0
        ],
        "XXZI": [
          -0.018581657949353958,
          0.0
        ],
        "XXZX": [
          -0.013812403194606304,
          0.0
        ],
        "XXZZ": [
          -0.003630696516965126,
          0.0
        ],
        "XZII": [
          0.019768195736105554,
          0.0
        ],
        "XZIX": [
          0.006834883708506823,
          0.0
        ],
        "XZIZ": [
          0.016652048987452872,
          0.0
        ],
        "XZXI": [
          -0.009880459867417812,
          0.0
        ],
        "XZXX": [
          0.011521431617438793,
          0.0
        ],
        "XZXZ": [
          -0.009880459867417812,
          0.0
        ],
        "XZYY": [
          -0.011521431617438793,
          0.0
        ],
        "XZZI": [
          -0.0118614614038961,
          0.0
        ],
        "XZZX": [
          -0.006834883708506823,
          0.0
        ],
        "XZZZ": [
          -0.009298321601818316,
          0.0
        ],
        "YYII": [
          -0.010473924036587985,
          0.0
        ],
        "YYIX": [
          -0.013812403194606304,
          0.0
        ],
        "YYIZ": [
          -0.025424889941249584,
          0.0
        ],
        "YYXI": [
          0.011521431617438793,
          0.0
        ],
        "YYXX": [
          -0.03302838280797005,
          0.0
        ],
        "YYXZ": [
          0.011521431617438793,
          0.0
        ],
        "YYYY": [
          0.03302838280797005,
          0.0
        ],
        "YYZI": [
          0.018581657949353958,
          0.0
        ],
        "YYZX": [
          0.013812403194606304,
          0.0
        ],
        "YYZZ": [
          0.003630696516965126,
          0.0
        ],
        "ZIII": [
          -0.24508801102638245,
          0.0
        ],
        "ZIIX": [
          0.012908867657894008,
          0.0
        ],
        "ZIIZ": [
          0.09883281588554382,
          0.0
        ],
        "ZIXI": [
          -0.0118614614038961,
          0.0
        ],
        "ZIXX": [
          0.018581657949353958,
          0.0
        ],
        "ZIXZ": [
          -0.0118614614038961,
          0.0
        ],
        "ZIYY": [
          -0.018581657949353958,
          0.0
        ],
        "ZIZI": [
          -0.096556156873703,
          0.0
        ],
        "ZIZX": [
          -0.012908867657894008,
          0.0
        ],
        "ZIZZ": [
          0.060239702463150024,
          0.0
        ],
        "ZXII": [
          0.009043562323564402,
          0.0
        ],
        "ZXIX": [
          0.008082590997219086,
          0.0
        ],
        "ZXIZ": [
          0.017441518507188447,
          0.0
        ],
        "ZXXI": [
          -0.006834883708506823,
          0.0
        ],
        "ZXXX": [
          0.013812403194606304,
          0.0
        ],
        "ZXXZ": [
          -0.006834883708506823,
          0.0
        ],
        "ZXYY": [
          -0.013812403194606304,
          0.0
        ],
        "ZXZI": [
          -0.012908867657894008,
          0.0
        ],
        "ZXZX": [
          -0.008082590997219086,
          0.0
        ],
        "ZXZZ": [
          -0.0045109073587118464,
          0.0
        ],
        "ZZII": [
          -0.1900845468044281,
          0.0
        ],
        "ZZIX": [
          -0.0045109073587118464,
          0.0
        ],
        "ZZIZ": [
          0.05325332283973694,
          0.0
        ],
        "ZZXI": [
          0.009298321601818316,
          0.0
        ],
        "ZZXX": [
          -0.003630696516965126,
          0.0
        ],
        "ZZXZ": [
          0.009298321601818316,
          0.0
        ],