{
  "basis": {
    "alphabet": [
      "I",
      "X",
      "Y",
      "Z"
    ],
    "max_order": 4,
    "ordering": "lexicographic product over I, X, Y, Z",
    "size": 256
  },
  "coefficient_convention": {
    "coefficient_formula": "C_P = Tr(P H) / 2**n_qubits",
    "operator_expansion": "H = sum_P C_P P",
    "pauli_alphabet": [
      "I",
      "X",
      "Y",
      "Z"
    ],
    "pauli_basis": "{I, X, Y, Z}^{tensor n_qubits}",
    "stored_terms": "Only coefficients with abs(C_P) > drop_tol are stored."
  },
  "distance": "0_5",
  "drop_tol": 1e-08,
  "format": "pauli_hamiltonian_pair_v1",
  "hamiltonians": {
    "final": {
      "role": "H_prob",
      "source_key": "Li_4_qubits_H_prob_0_5",
      "tau": 1.0,
      "term_count": 100,
      "terms": {
        "IIII": [
          -6.083022549748421,
          0.0
        ],
        "IIIX": [
          -0.0030814799197287357,
          0.0
        ],
        "IIIZ": [
          -0.13772033154964447,
          0.0
        ],
        "IIXI": [
          0.010290459598763846,
          0.0
        ],
        "IIXX": [
          0.028730644808552946,
          0.0
        ],
        "IIXZ": [
          0.010290459598763846,
          0.0
        ],
        "IIYY": [
          -0.028730644808552946,
          0.0
        ],
        "IIZI": [
          0.4831838458776474,
          0.0
        ],
        "IIZX": [
          0.0030814799197287357,
          0.0
        ],
        "IIZZ": [
          -0.18587689101696014,
          0.0
        ],
        "IXII": [
          -0.0030814799197287357,
          0.0
        ],
        "IXIX": [
          0.0034841743763536215,
          0.0
        ],
        "IXIZ": [
          0.009981252364468673,
          0.0
        ],
        "IXXI": [
          0.0029367448296397924,
          0.0
        ],
        "IXXX": [
          -0.006328347139060497,
          0.0
        ],
        "IXXZ": [
          0.0029367448296397924,
          0.0
        ],
        "IXYY": [
          0.006328347139060497,
          0.0
        ],
        "IXZI": [
          -0.012272183671939274,
          0.0
        ],
        "IXZX": [
          -0.0034841743763536215,
          0.0
        ],
        "IXZZ": [
          0.0007905598081379139,
          0.0
        ],
        "IZII": [
          0.13772033154964447,
          0.0
        ],
        "IZIX": [
          -0.009981252364468673,
          0.0
        ],
        "IZIZ": [
          -0.10644523799419403,
          0.0
        ],
        "IZXI": [
          -0.010214937487035058,
          0.0
        ],
        "IZXX": [
          0.027855539658508982,
          0.0
        ],
        "IZXZ": [
          -0.010214937487035058,
          0.0
        ],
        "IZYY": [
          -0.027855539658508982,
          0.0
        ],
        "IZZI": [
          0.1085236519575119,
          0.0
        ],
        "IZZX": [
          0.009981252364468673,
          0.0
        ],
        "IZZZ": [
          -0.0648101419210434,
          0.0
        ],
        "XIII": [
          0.010290459598763846,
          0.0
        ],
        "XIIX": [
          0.0029367448296397924,
          0.0
        ],
        "XIIZ": [
          0.010214937487035058,
          0.0
        ],
        "XIXI": [
          0.006913849618285894,
          0.0
        ],
        "XIXX": [
          -0.007577949669212103,
          0.0
        ],
        "XIXZ": [
          0.006913849618285894,
          0.0
        ],
        "XIYY": [
          0.007577949669212103,
          0.0
        ],
        "XIZI": [
          -0.013708140832022764,
          0.0
        ],
        "XIZX": [
          -0.0029367448296397924,
          0.0
        ],
        "XIZZ": [
          -0.0060104815202066675,
          0.0
        ],
        "XXII": [
          0.028730644808552946,
          0.0
        ],
        "XXIX": [
          -0.006328347139060497,
          0.0
        ],
        "XXIZ": [
          -0.027855539658508982,
          0.0
        ],
        "XXXI": [
          -0.007577949669212103,
          0.0
        ],
        "XXXX": [
          0.026969030499458313,
          0.0
        ],
        "XXXZ": [
          -0.007577949669212103,
          0.0
        ],
        "XXYY": [
          -0.026969030499458313,
          0.0
        ],
        "XXZI": [
          0.04299260400102309,
          0.0
        ],
        "XXZX": [
          0.006328347139060497,
          0.0
        ],
        "XXZZ": [
          -0.013593578747071539,
          0.0
        ],
        "XZII": [
          -0.010290459598763846,
          0.0
        ],
        "XZIX": [
          -0.0029367448296397924,
          0.0
        ],
        "XZIZ": [
          -0.010214937487035058,
          0.0
        ],
        "XZXI": [
          -0.006913849618285894,
          0.0
        ],
        "XZXX": [
          0.007577949669212103,
          0.0
        ],
        "XZXZ": [
          -0.006913849618285894,
          0.0
        ],
        "XZYY": [
          -0.007577949669212103,
          0.0
        ],
        "XZZI": [
          0.013708140832022764,
          0.0
        ],
        "XZZX": [
          0.0029367448296397924,
          0.0
        ],
        "XZZZ": [
          0.0060104815202066675,
          0.0
        ],
        "YYII": [
          -0.028730644808552946,
          0.0
        ],
        "YYIX": [
          0.006328347139060497,
          0.0
        ],
        "YYIZ": [
          0.027855539658508982,
          0.0
        ],
        "YYXI": [
          0.007577949669212103,
          0.0
        ],
        "YYXX": [
          -0.026969030499458313,
          0.0
        ],
        "YYXZ": [
          0.007577949669212103,
          0.0
        ],
        "YYYY": [
          0.026969030499458313,
          0.0
        ],
        "YYZI": [
          -0.04299260400102309,
          0.0
        ],
        "YYZX": [
          -0.006328347139060497,
          0.0
        ],
        "YYZZ": [
          0.013593578747071539,
          0.0
        ],
        "ZIII": [
          -0.4831838458776474,
          0.0
        ],
        "ZIIX": [
          0.012272183671939274,
          0.0
        ],
        "ZIIZ": [
          0.1085236519575119,
          0.0
        ],
        "ZIXI": [
          0.013708140832022764,
          0.0
        ],
        "ZIXX": [
          -0.04299260400102309,
          0.0
        ],
        "ZIXZ": [
          0.013708140832022764,
          0.0
        ],
        "ZIYY": [
          0.04299260400102309,
          0.0
        ],
        "ZIZI": [
          -0.13118307292461395,
          0.0
        ],
        "ZIZX": [
          -0.012272183671939274,
          0.0
        ],
        "ZIZZ": [
          0.07040606439113617,
          0.0
        ],
        "ZXII": [
          -0.0030814799197287357,
          0.0
        ],
        "ZXIX": [
          0.0034841743763536215,
          0.0
        ],
        "ZXIZ": [
          0.009981252364468673,
          0.0
        ],
        "ZXXI": [
          0.0029367448296397924,
          0.0
        ],
        "ZXXX": [
          -0.006328347139060497,
          0.0
        ],
        "ZXXZ": [
          0.0029367448296397924,
          0.0
        ],
        "ZXYY": [
          0.006328347139060497,
          0.0
        ],
        "ZXZI": [
          -0.012272183671939274,
          0.0
        ],
        "ZXZX": [
          -0.0034841743763536215,
          0.0
        ],
        "ZXZZ": [
          0.0007905598081379139,
          0.0
        ],
        "ZZII": [
          -0.18587689101696014,
          0.0
        ],
        "ZZIX": [
          0.0007905598081379139,
          0.0
        ],
        "ZZIZ": [
          0.0648101419210434,
          0.0
        ],
        "ZZXI": [
          -0.0060104815202066675,
          0.0
        ],
        "ZZXX": [
          -0.013593578747071539,
          0.0
        ],