{
  "basis": {
    "alphabet": [
      "I",
      "X",
      "Y",
      "Z"
    ],
    "max_order": 4,
    "ordering": "lexicographic product over I, X, Y, Z",
    "size": 256
  },
  "coefficient_convention": {
    "coefficient_formula": "C_P = Tr(P H) / 2**n_qubits",
    "operator_expansion": "H = sum_P C_P P",
    "pauli_alphabet": [
      "I",
      "X",
      "Y",
      "Z"
    ],
    "pauli_basis": "{I, X, Y, Z}^{tensor n_qubits}",
    "stored_terms": "Only coefficients with abs(C_P) > drop_tol are stored."
  },
  "distance": "1_0",
  "drop_tol": 1e-08,
  "format": "pauli_hamiltonian_pair_v1",
  "hamiltonians": {
    "final": {
      "role": "H_prob",
      "source_key": "Li_4_qubits_H_prob_1_0",
      "tau": 1.0,
      "term_count": 100,
      "terms": {
        "IIII": [
          -6.844402581453323,
          0.0
        ],
        "IIIX": [
          0.00032259300796733115,
          0.0
        ],
        "IIIZ": [
          -0.08498647809028625,
          0.0
        ],
        "IIXI": [
          0.02107696677558124,
          0.0
        ],
        "IIXX": [
          0.002792665352167989,
          0.0
        ],
        "IIXZ": [
          0.02107696677558124,
          0.0
        ],
        "IIYY": [
          -0.002792665352167989,
          0.0
        ],
        "IIZI": [
          0.3920406997203827,
          0.0
        ],
        "IIZX": [
          -0.00032259300796733115,
          0.0
        ],
        "IIZZ": [
          -0.2018597424030304,
          0.0
        ],
        "IXII": [
          0.00032259300796733115,
          0.0
        ],
        "IXIX": [
          0.0023664780892431736,
          0.0
        ],
        "IXIZ": [
          0.009702948348331741,
          0.0
        ],
        "IXXI": [
          0.0012091909302398562,
          0.0
        ],
        "IXXX": [
          -0.00723709212616086,
          0.0
        ],
        "IXXZ": [
          0.0012091909302398562,
          0.0
        ],
        "IXYY": [
          0.00723709212616086,
          0.0
        ],
        "IXZI": [
          -0.009032981975269028,
          0.0
        ],
        "IXZX": [
          -0.0023664780892431736,
          0.0
        ],
        "IXZZ": [
          0.00034735314993605826,
          0.0
        ],
        "IZII": [
          0.08498647809028625,
          0.0
        ],
        "IZIX": [
          -0.009702948348331741,
          0.0
        ],
        "IZIZ": [
          -0.13106581568717957,
          0.0
        ],
        "IZXI": [
          -0.012144570937380195,
          0.0
        ],
        "IZXX": [
          0.03998384202277144,
          0.0
        ],
        "IZXZ": [
          -0.012144570937380195,
          0.0
        ],
        "IZYY": [
          -0.03998384202277144,
          0.0
        ],
        "IZZI": [
          0.11484768986701965,
          0.0
        ],
        "IZZX": [
          0.009702948348331741,
          0.0
        ],
        "IZZZ": [
          -0.06166169047355652,
          0.0
        ],
        "XIII": [
          0.02107696677558124,
          0.0
        ],
        "XIIX": [
          0.0012091909302398562,
          0.0
        ],
        "XIIZ": [
          0.012144570937380195,
          0.0
        ],
        "XIXI": [
          0.006733030546456575,
          0.0
        ],
        "XIXX": [
          -0.0072469753213226795,
          0.0
        ],
        "XIXZ": [
          0.006733030546456575,
          0.0
        ],
        "XIYY": [
          0.0072469753213226795,
          0.0
        ],
        "XIZI": [
          -0.00996584095992148,
          0.0
        ],
        "XIZX": [
          -0.0012091909302398562,
          0.0
        ],
        "XIZZ": [
          -0.009083275916054845,
          0.0
        ],
        "XXII": [
          0.002792665352167989,
          0.0
        ],
        "XXIX": [
          -0.00723709212616086,
          0.0
        ],
        "XXIZ": [
          -0.03998384202277144,
          0.0
        ],
        "XXXI": [
          -0.0072469753213226795,
          0.0
        ],
        "XXXX": [
          0.030603911727666855,
          0.0
        ],
        "XXXZ": [
          -0.0072469753213226795,
          0.0
        ],
        "XXYY": [
          -0.030603911727666855,
          0.0
        ],
        "XXZI": [
          0.03893002917612115,
          0.0
        ],
        "XXZX": [
          0.00723709212616086,
          0.0
        ],
        "XXZZ": [
          -0.0038464762372351635,
          0.0
        ],
        "XZII": [
          -0.02107696677558124,
          0.0
        ],
        "XZIX": [
          -0.0012091909302398562,
          0.0
        ],
        "XZIZ": [
          -0.012144570937380195,
          0.0
        ],
        "XZXI": [
          -0.006733030546456575,
          0.0
        ],
        "XZXX": [
          0.0072469753213226795,
          0.0
        ],
        "XZXZ": [
          -0.006733030546456575,
          0.0
        ],
        "XZYY": [
          -0.0072469753213226795,
          0.0
        ],
        "XZZI": [
          0.00996584095992148,
          0.0
        ],
        "XZZX": [
          0.0012091909302398562,
          0.0
        ],
        "XZZZ": [
          0.009083275916054845,
          0.0
        ],
        "YYII": [
          -0.002792665352167989,
          0.0
        ],
        "YYIX": [
          0.00723709212616086,
          0.0
        ],
        "YYIZ": [
          0.03998384202277144,
          0.0
        ],
        "YYXI": [
          0.0072469753213226795,
          0.0
        ],
        "YYXX": [
          -0.030603911727666855,
          0.0
        ],
        "YYXZ": [
          0.0072469753213226795,
          0.0
        ],
        "YYYY": [
          0.030603911727666855,
          0.0
        ],
        "YYZI": [
          -0.03893002917612115,
          0.0
        ],
        "YYZX": [
          -0.00723709212616086,
          0.0
        ],
        "YYZZ": [
          0.0038464762372351635,
          0.0
        ],
        "ZIII": [
          -0.3920406997203827,
          0.0
        ],
        "ZIIX": [
          0.009032981975269028,
          0.0
        ],
        "ZIIZ": [
          0.11484768986701965,
          0.0
        ],
        "ZIXI": [
          0.00996584095992148,
          0.0
        ],
        "ZIXX": [
          -0.03893002917612115,
          0.0
        ],
        "ZIXZ": [
          0.00996584095992148,
          0.0
        ],
        "ZIYY": [
          0.03893002917612115,
          0.0
        ],
        "ZIZI": [
          -0.10993966460227966,
          0.0
        ],
        "ZIZX": [
          -0.009032981975269028,
          0.0
        ],
        "ZIZZ": [
          0.061065346002578735,
          0.0
        ],
        "ZXII": [
          0.00032259300796733115,
          0.0
        ],
        "ZXIX": [
          0.0023664780892431736,
          0.0
        ],
        "ZXIZ": [
          0.009702948348331741,
          0.0
        ],
        "ZXXI": [
          0.0012091909302398562,
          0.0
        ],
        "ZXXX": [
          -0.00723709212616086,
          0.0
        ],
        "ZXXZ": [
          0.0012091909302398562,
          0.0
        ],
        "ZXYY": [
          0.00723709212616086,
          0.0
        ],
        "ZXZI": [
          -0.009032981975269028,
          0.0
        ],
        "ZXZX": [
          -0.0023664780892431736,
          0.0
        ],
        "ZXZZ": [
          0.00034735314993605826,
          0.0
        ],
        "ZZII": [
          -0.2018597424030304,
          0.0
        ],
        "ZZIX": [
          0.00034735314993605826,
          0.0
        ],
        "ZZIZ": [
          0.06166169047355652,
          0.0
        ],
        "ZZXI": [
          -0.009083275916054845,
          0.0
        ],
        "ZZXX": [
          -0.0038464762372351635,
          0.0
        ],