{
  "basis": {
    "alphabet": [
      "I",
      "X",
      "Y",
      "Z"
    ],
    "max_order": 4,
    "ordering": "lexicographic product over I, X, Y, Z",
    "size": 256
  },
  "coefficient_convention": {
    "coefficient_formula": "C_P = Tr(P H) / 2**n_qubits",
    "operator_expansion": "H = sum_P C_P P",
    "pauli_alphabet": [
      "I",
      "X",
      "Y",
      "Z"
    ],
    "pauli_basis": "{I, X, Y, Z}^{tensor n_qubits}",
    "stored_terms": "Only coefficients with abs(C_P) > drop_tol are stored."
  },
  "distance": "1_5",
  "drop_tol": 1e-08,
  "format": "pauli_hamiltonian_pair_v1",
  "hamiltonians": {
    "final": {
      "role": "H_prob",
      "source_key": "Li_4_qubits_H_prob_1_5",
      "tau": 1.0,
      "term_count": 100,
      "terms": {
        "IIII": [
          -6.981705814599991,
          0.0
        ],
        "IIIX": [
          0.002734107253209203,
          0.0
        ],
        "IIIZ": [
          -0.09179660677909851,
          0.0
        ],
        "IIXI": [
          0.01957765349652618,
          0.0
        ],
        "IIXX": [
          -0.0003098950129913833,
          0.0
        ],
        "IIXZ": [
          0.01957765349652618,
          0.0
        ],
        "IIYY": [
          0.0003098950129913833,
          0.0
        ],
        "IIZI": [
          0.371356338262558,
          0.0
        ],
        "IIZX": [
          -0.002734107253209203,
          0.0
        ],
        "IIZZ": [
          -0.2119593322277069,
          0.0
        ],
        "IXII": [
          0.002734107253209203,
          0.0
        ],
        "IXIX": [
          0.0030346568673849106,
          0.0
        ],
        "IXIZ": [
          0.011733623981408328,
          0.0
        ],
        "IXXI": [
          0.0021111376117914915,
          0.0
        ],
        "IXXX": [
          -0.008373361080884933,
          0.0
        ],
        "IXXZ": [
          0.0021111376117914915,
          0.0
        ],
        "IXYY": [
          0.008373361080884933,
          0.0
        ],
        "IXZI": [
          -0.010540187530287057,
          0.0
        ],
        "IXZX": [
          -0.0030346568673849106,
          0.0
        ],
        "IXZZ": [
          -0.0015406698835338656,
          0.0
        ],
        "IZII": [
          0.09179660677909851,
          0.0
        ],
        "IZIX": [
          -0.011733623981408328,
          0.0
        ],
        "IZIZ": [
          -0.12357088923454285,
          0.0
        ],
        "IZXI": [
          -0.012733913608826697,
          0.0
        ],
        "IZXX": [
          0.033058728336824224,
          0.0
        ],
        "IZXZ": [
          -0.012733913608826697,
          0.0
        ],
        "IZYY": [
          -0.033058728336824224,
          0.0
        ],
        "IZZI": [
          0.11433956027030945,
          0.0
        ],
        "IZZX": [
          0.011733623981408328,
          0.0
        ],
        "IZZZ": [
          -0.056656092405319214,
          0.0
        ],
        "XIII": [
          0.01957765349652618,
          0.0
        ],
        "XIIX": [
          0.0021111376117914915,
          0.0
        ],
        "XIIZ": [
          0.012733913608826697,
          0.0
        ],
        "XIXI": [
          0.006575745064765215,
          0.0
        ],
        "XIXX": [
          -0.0077644409611821175,
          0.0
        ],
        "XIXZ": [
          0.006575745064765215,
          0.0
        ],
        "XIYY": [
          0.0077644409611821175,
          0.0
        ],
        "XIZI": [
          -0.010889407363720238,
          0.0
        ],
        "XIZX": [
          -0.0021111376117914915,
          0.0
        ],
        "XIZZ": [
          -0.00901204242836684,
          0.0
        ],
        "XXII": [
          -0.0003098950129913833,
          0.0
        ],
        "XXIX": [
          -0.008373361080884933,
          0.0
        ],
        "XXIZ": [
          -0.033058728336824224,
          0.0
        ],
        "XXXI": [
          -0.0077644409611821175,
          0.0
        ],
        "XXXX": [
          0.030738327652215958,
          0.0
        ],
        "XXXZ": [
          -0.0077644409611821175,
          0.0
        ],
        "XXYY": [
          -0.030738327652215958,
          0.0
        ],
        "XXZI": [
          0.035116770059333995,
          0.0
        ],
        "XXZX": [
          0.008373361080884933,
          0.0
        ],
        "XXZZ": [
          0.002367936785800502,
          0.0
        ],
        "XZII": [
          -0.01957765349652618,
          0.0
        ],
        "XZIX": [
          -0.0021111376117914915,
          0.0
        ],
        "XZIZ": [
          -0.012733913608826697,
          0.0
        ],
        "XZXI": [
          -0.006575745064765215,
          0.0
        ],
        "XZXX": [
          0.0077644409611821175,
          0.0
        ],
        "XZXZ": [
          -0.006575745064765215,
          0.0
        ],
        "XZYY": [
          -0.0077644409611821175,
          0.0
        ],
        "XZZI": [
          0.010889407363720238,
          0.0
        ],
        "XZZX": [
          0.0021111376117914915,
          0.0
        ],
        "XZZZ": [
          0.00901204242836684,
          0.0
        ],
        "YYII": [
          0.0003098950129913833,
          0.0
        ],
        "YYIX": [
          0.008373361080884933,
          0.0
        ],
        "YYIZ": [
          0.033058728336824224,
          0.0
        ],
        "YYXI": [
          0.0077644409611821175,
          0.0
        ],
        "YYXX": [
          -0.030738327652215958,
          0.0
        ],
        "YYXZ": [
          0.0077644409611821175,
          0.0
        ],
        "YYYY": [
          0.030738327652215958,
          0.0
        ],
        "YYZI": [
          -0.035116770059333995,
          0.0
        ],
        "YYZX": [
          -0.008373361080884933,
          0.0
        ],
        "YYZZ": [
          -0.002367936785800502,
          0.0
        ],
        "ZIII": [
          -0.371356338262558,
          0.0
        ],
        "ZIIX": [
          0.010540187530287057,
          0.0
        ],
        "ZIIZ": [
          0.11433956027030945,
          0.0
        ],
        "ZIXI": [
          0.010889407363720238,
          0.0
        ],
        "ZIXX": [
          -0.035116770059333995,
          0.0
        ],
        "ZIXZ": [
          0.010889407363720238,
          0.0
        ],
        "ZIYY": [
          0.035116770059333995,
          0.0
        ],
        "ZIZI": [
          -0.11409172415733337,
          0.0
        ],
        "ZIZX": [
          -0.010540187530287057,
          0.0
        ],
        "ZIZZ": [
          0.06050559878349304,
          0.0
        ],
        "ZXII": [
          0.002734107253209203,
          0.0
        ],
        "ZXIX": [
          0.0030346568673849106,
          0.0
        ],
        "ZXIZ": [
          0.011733623981408328,
          0.0
        ],
        "ZXXI": [
          0.0021111376117914915,
          0.0
        ],
        "ZXXX": [
          -0.008373361080884933,
          0.0
        ],
        "ZXXZ": [
          0.0021111376117914915,
          0.0
        ],
        "ZXYY": [
          0.008373361080884933,
          0.0
        ],
        "ZXZI": [
          -0.010540187530287057,
          0.0
        ],
        "ZXZX": [
          -0.0030346568673849106,
          0.0
        ],
        "ZXZZ": [
          -0.0015406698835338656,
          0.0
        ],
        "ZZII": [
          -0.2119593322277069,
          0.0
        ],
        "ZZIX": [
          -0.0015406698835338656,
          0.0
        ],
        "ZZIZ": [
          0.056656092405319214,
          0.0
        ],
        "ZZXI": [
          -0.00901204242836684,
          0.0
        ],
        "ZZXX": [
          0.002367936785800502,
          0.0
        ],