{
  "basis": {
    "alphabet": [
      "I",
      "X",
      "Y",
      "Z"
    ],
    "max_order": 4,
    "ordering": "lexicographic product over I, X, Y, Z",
    "size": 256
  },
  "coefficient_convention": {
    "coefficient_formula": "C_P = Tr(P H) / 2**n_qubits",
    "operator_expansion": "H = sum_P C_P P",
    "pauli_alphabet": [
      "I",
      "X",
      "Y",
      "Z"
    ],
    "pauli_basis": "{I, X, Y, Z}^{tensor n_qubits}",
    "stored_terms": "Only coefficients with abs(C_P) > drop_tol are stored."
  },
  "distance": "3_5",
  "drop_tol": 1e-08,
  "format": "pauli_hamiltonian_pair_v1",
  "hamiltonians": {
    "final": {
      "role": "H_prob",
      "source_key": "Li_4_qubits_H_prob_3_5",
      "tau": 1.0,
      "term_count": 100,
      "terms": {
        "IIII": [
          -7.266059517860413,
          0.0
        ],
        "IIIX": [
          0.020271960772879627,
          0.0
        ],
        "IIIZ": [
          -0.1028626561164856,
          0.0
        ],
        "IIXI": [
          -0.02224200387718156,
          0.0
        ],
        "IIXX": [
          0.012189139076270061,
          0.0
        ],
        "IIXZ": [
          -0.02224200387718156,
          0.0
        ],
        "IIYY": [
          -0.012189139076270061,
          0.0
        ],
        "IIZI": [
          0.19503235816955566,
          0.0
        ],
        "IIZX": [
          -0.020271960772879627,
          0.0
        ],
        "IIZZ": [
          -0.15235835313796997,
          0.0
        ],
        "IXII": [
          0.020271960772879627,
          0.0
        ],
        "IXIX": [
          0.026947272941470146,
          0.0
        ],
        "IXIZ": [
          0.027957366652481053,
          0.0
        ],
        "IXXI": [
          -0.018541734665632248,
          0.0
        ],
        "IXXX": [
          0.02066044881939888,
          0.0
        ],
        "IXXZ": [
          -0.018541734665632248,
          0.0
        ],
        "IXYY": [
          -0.02066044881939888,
          0.0
        ],
        "IXZI": [
          -0.004849976055629757,
          0.0
        ],
        "IXZX": [
          -0.026947272941470146,
          0.0
        ],
        "IXZZ": [
          0.002835456408865955,
          0.0
        ],
        "IZII": [
          0.1028626561164856,
          0.0
        ],
        "IZIX": [
          -0.027957366652481053,
          0.0
        ],
        "IZIZ": [
          -0.09452998638153076,
          0.0
        ],
        "IZXI": [
          0.021943967964034528,
          0.0
        ],
        "IZXX": [
          -0.017957190587423844,
          0.0
        ],
        "IZXZ": [
          0.021943967964034528,
          0.0
        ],
        "IZYY": [
          0.017957190587423844,
          0.0
        ],
        "IZZI": [
          0.07296735048294067,
          0.0
        ],
        "IZZX": [
          0.027957366652481053,
          0.0
        ],
        "IZZZ": [
          -0.06470489501953125,
          0.0
        ],
        "XIII": [
          -0.02224200387718156,
          0.0
        ],
        "XIIX": [
          -0.018541734665632248,
          0.0
        ],
        "XIIZ": [
          -0.021943967964034528,
          0.0
        ],
        "XIXI": [
          0.018251873552799225,
          0.0
        ],
        "XIXX": [
          -0.009838818572461605,
          0.0
        ],
        "XIXZ": [
          0.018251873552799225,
          0.0
        ],
        "XIYY": [
          0.009838818572461605,
          0.0
        ],
        "XIZI": [
          0.004611820389982313,
          0.0
        ],
        "XIZX": [
          0.018541734665632248,
          0.0
        ],
        "XIZZ": [
          0.0023427880951203406,
          0.0
        ],
        "XXII": [
          0.012189139076270061,
          0.0
        ],
        "XXIX": [
          0.02066044881939888,
          0.0
        ],
        "XXIZ": [
          0.017957190587423844,
          0.0
        ],
        "XXXI": [
          -0.009838818572461605,
          0.0
        ],
        "XXXX": [
          0.02310117706656456,
          0.0
        ],
        "XXXZ": [
          -0.009838818572461605,
          0.0
        ],
        "XXYY": [
          -0.02310117706656456,
          0.0
        ],
        "XXZI": [
          0.0012659752511010591,
          0.0
        ],
        "XXZX": [
          -0.02066044881939888,
          0.0
        ],
        "XXZZ": [
          0.007034039520420032,
          0.0
        ],
        "XZII": [
          0.02224200387718156,
          0.0
        ],
        "XZIX": [
          0.018541734665632248,
          0.0
        ],
        "XZIZ": [
          0.021943967964034528,
          0.0
        ],
        "XZXI": [
          -0.018251873552799225,
          0.0
        ],
        "XZXX": [
          0.009838818572461605,
          0.0
        ],
        "XZXZ": [
          -0.018251873552799225,
          0.0
        ],
        "XZYY": [
          -0.009838818572461605,
          0.0
        ],
        "XZZI": [
          -0.004611820389982313,
          0.0
        ],
        "XZZX": [
          -0.018541734665632248,
          0.0
        ],
        "XZZZ": [
          -0.0023427880951203406,
          0.0
        ],
        "YYII": [
          -0.012189139076270061,
          0.0
        ],
        "YYIX": [
          -0.02066044881939888,
          0.0
        ],
        "YYIZ": [
          -0.017957190587423844,
          0.0
        ],
        "YYXI": [
          0.009838818572461605,
          0.0
        ],
        "YYXX": [
          -0.02310117706656456,
          0.0
        ],
        "YYXZ": [
          0.009838818572461605,
          0.0
        ],
        "YYYY": [
          0.02310117706656456,
          0.0
        ],
        "YYZI": [
          -0.0012659752511010591,
          0.0
        ],
        "YYZX": [
          0.02066044881939888,
          0.0
        ],
        "YYZZ": [
          -0.007034039520420032,
          0.0
        ],
        "ZIII": [
          -0.19503235816955566,
          0.0
        ],
        "ZIIX": [
          0.004849976055629757,
          0.0
        ],
        "ZIIZ": [
          0.07296735048294067,
          0.0
        ],
        "ZIXI": [
          -0.004611820389982313,
          0.0
        ],
        "ZIXX": [
          -0.0012659752511010591,
          0.0
        ],
        "ZIXZ": [
          -0.004611820389982313,
          0.0
        ],
        "ZIYY": [
          0.0012659752511010591,
          0.0
        ],
        "ZIZI": [
          -0.07516086101531982,
          0.0
        ],
        "ZIZX": [
          -0.004849976055629757,
          0.0
        ],
        "ZIZZ": [
          0.06508642435073853,
          0.0
        ],
        "ZXII": [
          0.020271960772879627,
          0.0
        ],
        "ZXIX": [
          0.026947272941470146,
          0.0
        ],
        "ZXIZ": [
          0.027957366652481053,
          0.0
        ],
        "ZXXI": [
          -0.018541734665632248,
          0.0
        ],
        "ZXXX": [
          0.02066044881939888,
          0.0
        ],
        "ZXXZ": [
          -0.018541734665632248,
          0.0
        ],
        "ZXYY": [
          -0.02066044881939888,
          0.0
        ],
        "ZXZI": [
          -0.004849976055629757,
          0.0
        ],
        "ZXZX": [
          -0.026947272941470146,
          0.0
        ],
        "ZXZZ": [
          0.002835456408865955,
          0.0
        ],
        "ZZII": [
          -0.15235835313796997,
          0.0
        ],
        "ZZIX": [
          0.002835456408865955,
          0.0
        ],
        "ZZIZ": [
          0.06470489501953125,
          0.0
        ],
        "ZZXI": [
          0.0023427880951203406,
          0.0
        ],
        "ZZXX": [
          0.007034039520420032,
          0.0
        ],
        "ZZXZ": [
          0.0023427880951203406,
          0.0
        ],