{
  "basis": {
    "alphabet": [
      "I",
      "X",
      "Y",
      "Z"
    ],
    "max_order": 4,
    "ordering": "lexicographic product over I, X, Y, Z",
    "size": 256
  },
  "coefficient_convention": {
    "coefficient_formula": "C_P = Tr(P H) / 2**n_qubits",
    "operator_expansion": "H = sum_P C_P P",
    "pauli_alphabet": [
      "I",
      "X",
      "Y",
      "Z"
    ],
    "pauli_basis": "{I, X, Y, Z}^{tensor n_qubits}",
    "stored_terms": "Only coefficients with abs(C_P) > drop_tol are stored."
  },
  "distance": "2_0",
  "drop_tol": 1e-08,
  "format": "pauli_hamiltonian_pair_v1",
  "hamiltonians": {
    "final": {
      "role": "H_prob",
      "source_key": "Li_4_qubits_H_prob_2_0",
      "tau": 1.0,
      "term_count": 100,
      "terms": {
        "IIII": [
          -7.118405669927597,
          0.0
        ],
        "IIIX": [
          0.005302775350735978,
          0.0
        ],
        "IIIZ": [
          -0.09900954365730286,
          0.0
        ],
        "IIXI": [
          0.018610219878610224,
          0.0
        ],
        "IIXX": [
          -0.005557863355003523,
          0.0
        ],
        "IIXZ": [
          0.018610219878610224,
          0.0
        ],
        "IIYY": [
          0.005557863355003523,
          0.0
        ],
        "IIZI": [
          0.30113866925239563,
          0.0
        ],
        "IIZX": [
          -0.005302775350735978,
          0.0
        ],
        "IIZZ": [
          -0.20481076836585999,
          0.0
        ],
        "IXII": [
          0.005302775350735978,
          0.0
        ],
        "IXIX": [
          0.004655155818909407,
          0.0
        ],
        "IXIZ": [
          0.014079773400573536,
          0.0
        ],
        "IXXI": [
          0.0037049471866339445,
          0.0
        ],
        "IXXX": [
          -0.010300171561539173,
          0.0
        ],
        "IXXZ": [
          0.0037049471866339445,
          0.0
        ],
        "IXYY": [
          0.010300171561539173,
          0.0
        ],
        "IXZI": [
          -0.011964437949807838,
          0.0
        ],
        "IXZX": [
          -0.004655155818909407,
          0.0
        ],
        "IXZZ": [
          -0.0031874303916827884,
          0.0
        ],
        "IZII": [
          0.09900954365730286,
          0.0
        ],
        "IZIX": [
          -0.014079773400573536,
          0.0
        ],
        "IZIZ": [
          -0.1150694191455841,
          0.0
        ],
        "IZXI": [
          -0.013867942208889872,
          0.0
        ],
        "IZXX": [
          0.027853736922755612,
          0.0
        ],
        "IZXZ": [
          -0.013867942208889872,
          0.0
        ],
        "IZYY": [
          -0.027853736922755612,
          0.0
        ],
        "IZZI": [
          0.1080961525440216,
          0.0
        ],
        "IZZX": [
          0.014079773400573536,
          0.0
        ],
        "IZZZ": [
          -0.053708821535110474,
          0.0
        ],
        "XIII": [
          0.018610219878610217,
          0.0
        ],
        "XIIX": [
          0.0037049471866339445,
          0.0
        ],
        "XIIZ": [
          0.013867942208889872,
          0.0
        ],
        "XIXI": [
          0.0073087178170681,
          0.0
        ],
        "XIXX": [
          -0.009251421317458153,
          0.0
        ],
        "XIXZ": [
          0.0073087178170681,
          0.0
        ],
        "XIYY": [
          0.009251421317458153,
          0.0
        ],
        "XIZI": [
          -0.0114805827033706,
          0.0
        ],
        "XIZX": [
          -0.0037049471866339445,
          0.0
        ],
        "XIZZ": [
          -0.009087325248401612,
          0.0
        ],
        "XXII": [
          -0.005557863355003523,
          0.0
        ],
        "XXIX": [
          -0.010300171561539173,
          0.0
        ],
        "XXIZ": [
          -0.027853736922755612,
          0.0
        ],
        "XXXI": [
          -0.009251421317458153,
          0.0
        ],
        "XXXX": [
          0.032258540391922,
          0.0
        ],
        "XXXZ": [
          -0.009251421317458153,
          0.0
        ],
        "XXYY": [
          -0.032258540391922,
          0.0
        ],
        "XXZI": [
          0.026890665023908245,
          0.0
        ],
        "XXZX": [
          0.010300171561539173,
          0.0
        ],
        "XXZZ": [
          0.00459479509261973,
          0.0
        ],
        "XZII": [
          -0.01861021987861023,
          0.0
        ],
        "XZIX": [
          -0.0037049471866339445,
          0.0
        ],
        "XZIZ": [
          -0.013867942208889872,
          0.0
        ],
        "XZXI": [
          -0.0073087178170681,
          0.0
        ],
        "XZXX": [
          0.009251421317458153,
          0.0
        ],
        "XZXZ": [
          -0.0073087178170681,
          0.0
        ],
        "XZYY": [
          -0.009251421317458153,
          0.0
        ],
        "XZZI": [
          0.011480582703370603,
          0.0
        ],
        "XZZX": [
          0.0037049471866339445,
          0.0
        ],
        "XZZZ": [
          0.009087325248401612,
          0.0
        ],
        "YYII": [
          0.005557863355003523,
          0.0
        ],
        "YYIX": [
          0.010300171561539173,
          0.0
        ],
        "YYIZ": [
          0.027853736922755612,
          0.0
        ],
        "YYXI": [
          0.009251421317458153,
          0.0
        ],
        "YYXX": [
          -0.032258540391922,
          0.0
        ],
        "YYXZ": [
          0.009251421317458153,
          0.0
        ],
        "YYYY": [
          0.032258540391922,
          0.0
        ],
        "YYZI": [
          -0.026890665023908245,
          0.0
        ],
        "YYZX": [
          -0.010300171561539173,
          0.0
        ],
        "YYZZ": [
          -0.00459479509261973,
          0.0
        ],
        "ZIII": [
          -0.30113866925239563,
          0.0
        ],
        "ZIIX": [
          0.011964437949807838,
          0.0
        ],
        "ZIIZ": [
          0.1080961525440216,
          0.0
        ],
        "ZIXI": [
          0.011480582703370601,
          0.0
        ],
        "ZIXX": [
          -0.026890665023908245,
          0.0
        ],
        "ZIXZ": [
          0.011480582703370601,
          0.0
        ],
        "ZIYY": [
          0.026890665023908245,
          0.0
        ],
        "ZIZI": [
          -0.10751572251319885,
          0.0
        ],
        "ZIZX": [
          -0.011964437949807838,
          0.0
        ],
        "ZIZZ": [
          0.05974450707435608,
          0.0
        ],
        "ZXII": [
          0.005302775350735978,
          0.0
        ],
        "ZXIX": [
          0.004655155818909407,
          0.0
        ],
        "ZXIZ": [
          0.014079773400573536,
          0.0
        ],
        "ZXXI": [
          0.0037049471866339445,
          0.0
        ],
        "ZXXX": [
          -0.010300171561539173,
          0.0
        ],
        "ZXXZ": [
          0.0037049471866339445,
          0.0
        ],
        "ZXYY": [
          0.010300171561539173,
          0.0
        ],
        "ZXZI": [
          -0.011964437949807838,
          0.0
        ],
        "ZXZX": [
          -0.004655155818909407,
          0.0
        ],
        "ZXZZ": [
          -0.0031874303916827884,
          0.0
        ],
        "ZZII": [
          -0.20481076836585999,
          0.0
        ],
        "ZZIX": [
          -0.0031874303916827884,
          0.0
        ],
        "ZZIZ": [
          0.053708821535110474,
          0.0
        ],
        "ZZXI": [
          -0.009087325248401612,
          0.0
        ],
        "ZZXX": [
          0.00459479509261973,
          0.0
        ],
        "ZZXZ": [
          -0.009087325248401612,
          0.0
        ],